GPE,Count,Latitude,Longitude,group_ID,GPE_new
BlnQerlnll,1,-43.5448377,172.6405845,0,Christchurch
Hobart,2,-42.8826055,147.3257196,1,Hobart
Tasmania,1,-42.0409059,146.8087322,2,
Tasmania,1,-42.0409059,146.8087322,2,
Tasmania,1,-42.0409059,146.8087322,2,
Te Mania,2,-41.3324394,173.1606394,3,
Picton,1,-41.2954812,174.0028153,4,
NZ)·Spect,1,-40.900557,174.885971,5,
New Zealand,5,-40.900557,174.885971,5,
New Zealand,3,-40.900557,174.885971,5,
New Zealand,1,-40.900557,174.885971,5,
Wonthaggi,1,-38.6060046,145.5910694,6,
Griffilhs Island,1,-38.3920823,142.2469658,7,
Lava Street,2,-38.3817814,142.4849584,8,Warrnambool
Port Pairy,1,-38.3806327,142.2294039,9,
South West Heatthcare,1,-38.3801373,142.473434,10,Warrnambool
South West Healthcare,1,-38.3801373,142.473434,10,Warrnambool
North Warrnambool Ea­,1,-38.3720954,142.4777782,11,Warrnambool
Worrnombool Tel,1,-38.3720954,142.4777782,11,Warrnambool
Central Warrnambool,1,-38.3720954,142.4777782,11,Warrnambool
South Warrnambool,4,-38.3720954,142.4777782,11,Warrnambool
Warmambool,1,-38.3720954,142.4777782,11,Warrnambool
South Warrnambool's,1,-38.3720954,142.4777782,11,Warrnambool
Warrnambool,22,-38.3720954,142.4777782,11,Warrnambool
Warmambool SOUTH-,1,-38.3720954,142.4777782,11,Warrnambool
South Warrnambool's,1,-38.3720954,142.4777782,11,Warrnambool
Warrnambool,21,-38.3720954,142.4777782,11,Warrnambool
Warrnambool,17,-38.3720954,142.4777782,11,Warrnambool
Hotel Warrnambool,1,-38.3720954,142.4777782,11,Warrnambool
Warrnambool,13,-38.3720954,142.4777782,11,Warrnambool
North Warrnambool,1,-38.3720954,142.4777782,11,Warrnambool
Warmambool,1,-38.3720954,142.4777782,11,Warrnambool
North Warrnambool,1,-38.3720954,142.4777782,11,Warrnambool
South Warrnambool,4,-38.3720954,142.4777782,11,Warrnambool
New Warrnambool,1,-38.3720954,142.4777782,11,Warrnambool
South Warmambool,2,-38.3720954,142.4777782,11,Warrnambool
North Warrnam­,1,-38.3720954,142.4777782,11,Warrnambool
North Warrnamllool Eagin,1,-38.3720954,142.4777782,11,Warrnambool
Warrnambool,65,-38.3720954,142.4777782,11,Warrnambool
South Warrnambool's,2,-38.3720954,142.4777782,11,Warrnambool
Nonh Warrnambool,1,-38.3720954,142.4777782,11,Warrnambool
Warmambool,9,-38.3720954,142.4777782,11,Warrnambool
East Warrnambool,1,-38.3720954,142.4777782,11,Warrnambool
South Warrnambool,17,-38.3720954,142.4777782,11,Warrnambool
South Wbool,2,-38.3720954,142.4777782,11,Warrnambool
North Warrnambool,10,-38.3720954,142.4777782,11,Warrnambool
North Warmambool,3,-38.3720954,142.4777782,11,Warrnambool
reet Warrnambool,1,-38.3720954,142.4777782,11,Warrnambool
North Warrnambool Eaglesl,1,-38.3720954,142.4777782,11,Warrnambool
South Warrnambool's,1,-38.3720954,142.4777782,11,Warrnambool
Warrnambocl,1,-38.3720954,142.4777782,11,Warrnambool
South Warrnambool,3,-38.3720954,142.4777782,11,Warrnambool
Warrnambool City Council,1,-38.3686779,142.4982086,12,Warrnambool
Bushfield,2,-38.3250935,142.5055545,13,
Pomborneit,1,-38.2967124,143.2990793,14,
Koroit,3,-38.2921758,142.3673185,15,
Koroit,4,-38.2921758,142.3673185,15,
Koroit,10,-38.2921758,142.3673185,15,
Koroit,11,-38.2921758,142.3673185,15,
Koroit,4,-38.2921758,142.3673185,15,
Grassmere,1,-38.2582366,142.5410767,16,
Narrawong,1,-38.2533641,141.7088602,17,
Terang Mortlake 9,1,-38.2404416,142.9108851,18,
Terang Mortlake team­,1,-38.2404416,142.9108851,18,
Terang,2,-38.2404416,142.9108851,18,
Terang,3,-38.2404416,142.9108851,18,
Terang,1,-38.2404416,142.9108851,18,
Terang,4,-38.2404416,142.9108851,18,
Terang,1,-38.2404416,142.9108851,18,
MornlngtOn,1,-38.22882,145.0600448,19,Melbourne
Mornington,1,-38.22882,145.0600448,19,Melbourne
Tyrendorra,1,-38.2184418,141.780982,20,
The Mount Noorat,1,-38.1911136,142.9294969,21,
Bessiebelle Park,1,-38.1542234,141.9569039,22,
Geelong,4,-38.1492994,144.3598426,23,Geelong
Geelong,3,-38.1492994,144.3598426,23,Geelong
Geelong,1,-38.1492994,144.3598426,23,Geelong
Geelong,3,-38.1492994,144.3598426,23,Geelong
"Fremantie, Geelong",1,-38.1492994,144.3598426,23,Geelong
Geelong,5,-38.1492994,144.3598426,23,Geelong
Corangamite Shire,1,-38.1491105,143.1319209,24,
Kolora,2,-38.1380254,142.9259307,25,
Cranboume,1,-38.1054204,145.2818338,26,Melbourne
Pakenham,1,-38.0776708,145.4818724,27,Melbourne
Dandenong,1,-37.9847811,145.2139907,28,Melbourne
Caramut,1,-37.9590175,142.5189691,29,
Beach Oval,1,-37.9455911,145.0007827,30,Melbourne
Branxholme,3,-37.8614896,141.8015613,31,
Toorak,2,-37.8416751,145.0138468,32,Melbourne
South Melbourne,1,-37.83434430000001,144.9559035,33,Melbourne
MELBOURNE,2,-37.8136276,144.9630576,34,Melbourne
Melbourne,9,-37.8136276,144.9630576,34,Melbourne
Melbourne,10,-37.8136276,144.9630576,34,Melbourne
Melbourne,6,-37.8136276,144.9630576,34,Melbourne
MELBOURNE,1,-37.8136276,144.9630576,34,Melbourne
Melbourne,18,-37.8136276,144.9630576,34,Melbourne
MELBOURNE,1,-37.8136276,144.9630576,34,Melbourne
Melbourne,1,-37.8136276,144.9630576,34,Melbourne
MELBOURNE,3,-37.8136276,144.9630576,34,Melbourne
NorthMelbourne,1,-37.8008004,144.9485049,35,Melbourne
Maribymong,1,-37.7837482,144.8908713,36,Melbourne
Maribyrnong,1,-37.7837482,144.8908713,36,Melbourne
Parkville,1,-37.7787036,144.9426083,37,Melbourne
Banyule,2,-37.7314254,145.082419,38,Melbourne
South West Victona,1,-37.6975835,142.4039296,39,
Glentoompson,1,-37.63677759999999,142.5477626,40,
Glenthompson,1,-37.63677759999999,142.5477626,40,
Gippsland,1,-37.5831982,147.4627259,41,
Ballarat,4,-37.5621587,143.8502556,42,Ballarat
Ballarat,1,-37.5621587,143.8502556,42,Ballarat
Ballarat,3,-37.5621587,143.8502556,42,Ballarat
Ballarat,2,-37.5621587,143.8502556,42,Ballarat
Ballarat orGeelong,1,-37.5621587,143.8502556,42,Ballarat
Ballarat,2,-37.5621587,143.8502556,42,Ballarat
Lake Wendouree,1,-37.5528276,143.8332407,43,Ballarat
Kooongwootong,1,-37.4798193,141.6394694,44,
Pigeon Ponds,1,-37.2979115,141.6709392,45,
Kyneton,1,-37.2490932,144.4532075,46,
SOlllliERN GRAMPIANS,1,-37.2108819,142.3979571,47,
Brambuk,1,-37.1579303,142.5302372,48,
Redesdale,1,-37.0033555,144.5011709,49,
Victoria,3,-36.9847807,143.3906074,50,
Victoria,3,-36.9847807,143.3906074,50,
Victoria,4,-36.9847807,143.3906074,50,
Victoria,11,-36.9847807,143.3906074,50,
Victoria,1,-36.9847807,143.3906074,50,
Naracoorte,2,-36.9569884,140.7417779,51,
Panmure,1,-36.9011809,174.8570732,52,Maungakiekie-Tāmaki
Panmure,2,-36.9011809,174.8570732,52,Maungakiekie-Tāmaki
Panmure,5,-36.9011809,174.8570732,52,Maungakiekie-Tāmaki
Ellerslie,1,-36.8996982,174.8161917,53,Ōrākei
Bendigo,3,-36.75961960000001,144.2785764,54,Bendigo
Bendigo,1,-36.75961960000001,144.2785764,54,Bendigo
Tatura,1,-36.4400613,145.2260066,55,
Russells Creek,1,-36.34171507511021,149.7011392578551,56,
Russells Creek,1,-36.34171507511021,149.7011392578551,56,
Russells Creek,2,-36.34171507511021,149.7011392578551,56,
Cooma,1,-36.2345567,149.1270444,57,
Albury,2,-36.0751193,146.9094852,58,Albury
Albury,1,-36.0751193,146.9094852,58,Albury
Yarrawonga,1,-36.0260723,146.0003241,59,
Kangaroo Island,1,-35.7752426,137.2142417,60,
Canberra,2,-35.2809368,149.1300092,61,Canberra
Canberra,3,-35.2809368,149.1300092,61,Canberra
Canberra,3,-35.2809368,149.1300092,61,Canberra
Bewong,1,-35.0853273,150.5337437,62,
Shoalhaven,1,-35.0810677,150.4892292,63,
Scott Creek,1,-35.0565609,138.7080325,64,
Adelaide,3,-34.9284989,138.6007456,65,Adelaide
Adelaide,1,-34.9284989,138.6007456,65,Adelaide
Adelaide,1,-34.9284989,138.6007456,65,Adelaide
Adelaide,3,-34.9284989,138.6007456,65,Adelaide
Adelaide Hills,1,-34.9062557,138.8397403,66,
the Adelaide Hills,1,-34.9062557,138.8397403,66,
Port Adelaide,1,-34.8442994,138.505369,67,Adelaide
Port Adelaide,1,-34.8442994,138.505369,67,Adelaide
Port Adelaide,1,-34.8442994,138.505369,67,Adelaide
Berryt,1,-34.7757734,150.6988896,68,
Berry,1,-34.7757734,150.6988896,68,
Goulburn,1,-34.7567489,149.713629,69,
WoOonoa,1,-34.3423802,150.9052832,70,Wollongong City Council
Mildura,1,-34.2068859,142.1366852,71,Mildura
Mildura,4,-34.2068859,142.1366852,71,Mildura
wayalong,1,-33.9223568,147.2026202,72,
Camperdown,1,-33.88622429999999,151.1791091,73,Sydney
Camperdown,4,-33.88622429999999,151.1791091,73,Sydney
Camperdown,4,-33.88622429999999,151.1791091,73,Sydney
SYDNEY,1,-33.8688197,151.2092955,74,Sydney
Sydney,5,-33.8688197,151.2092955,74,Sydney
SYDNEY,1,-33.8688197,151.2092955,74,Sydney
SYDNEY,3,-33.8688197,151.2092955,74,Sydney
Sydney,2,-33.8688197,151.2092955,74,Sydney
SYDNEY,2,-33.8688197,151.2092955,74,Sydney
Sydney,3,-33.8688197,151.2092955,74,Sydney
Sydney,1,-33.8688197,151.2092955,74,Sydney
SYDNEY,1,-33.8688197,151.2092955,74,Sydney
Sydney,7,-33.8688197,151.2092955,74,Sydney
Clare Valley,1,-33.8335699,138.61,75,
Rosehill,1,-33.8239653,151.0212029,76,Sydney
Manly Beach,1,-33.7931501,151.2876488,77,Sydney
Terrey,1,-33.6832036,151.2254937,78,Sydney
Wyong},1,-33.2843475,151.4249427,79,
Shortland,2,-32.8797702,151.6937761,80,Newcastle
Fremantle,1,-32.0517901,115.755096,81,
Fremantle,2,-32.0517901,115.755096,81,
Broken Hill,1,-31.9595859,141.4608138,82,Broken Hill
Perth,5,-31.9523123,115.861309,83,Perth
Perth,3,-31.9523123,115.861309,83,Perth
Perth,1,-31.9523123,115.861309,83,Perth
Subiaco,1,-31.9470195,115.8240278,84,
Howe Island,3,-31.5553263,159.0821211,85,
New South Wales,1,-31.2532183,146.921099,86,
NSW,2,-31.2532183,146.921099,86,
NSW,2,-31.2532183,146.921099,86,
NSW,6,-31.2532183,146.921099,86,
NSW,2,-31.2532183,146.921099,86,
South Australia,4,-30.0002315,136.2091547,87,
Victoria Point,1,-27.5879419,153.303966,88,
Gabba,1,-27.4858376,153.0380853,89,Brisbane
Brisbane,3,-27.4704528,153.0260341,90,
Brisbane,1,-27.4704528,153.0260341,90,
Brisbane,1,-27.4704528,153.0260341,90,
Brisbane,3,-27.4704528,153.0260341,90,
Brisbane,2,-27.4704528,153.0260341,90,
Victoria Park,2,-27.4553219,153.0247254,91,
Victoria Park,1,-27.4553219,153.0247254,91,
Sunreef Mooloolaba,1,-26.6835329,153.122156,92,Sunshine Coast Regional
Mooloolaba,4,-26.6818215,153.11903,93,Sunshine Coast Regional
Mooloolaba Beach Is,1,-26.6809437,153.121665,94,Sunshine Coast Regional
Mooloolaba Beach,1,-26.6809437,153.121665,94,Sunshine Coast Regional
Woombye,1,-26.6605212,152.9649067,95,
Maroochydore Beach,1,-26.65447,153.1036287,96,Sunshine Coast Regional
Noosa,1,-26.3645433,152.9676695,97,
Rainbow Beach,1,-25.9045007,153.0897222,98,
Maryborough,1,-25.5384947,152.7034191,99,Maryborough
Australia.8.30,1,-25.274398,133.775136,100,
Australia,27,-25.274398,133.775136,100,
Australia,14,-25.274398,133.775136,100,
Au tralian,1,-25.274398,133.775136,100,
Australia,25,-25.274398,133.775136,100,
Australia,26,-25.274398,133.775136,100,
Hunters Australia,1,-25.274398,133.775136,100,
Australia,8,-25.274398,133.775136,100,
Austraiia,1,-25.274398,133.775136,100,
Queensland,9,-22.575197,144.0847926,101,
Queensland,1,-22.575197,144.0847926,101,
Suva,1,-18.1405049,178.4232507,102,Suva
Cairns,5,-16.9203476,145.7709529,103,Cairns
Parap,1,-12.4322152,130.8433184,104,Darwin
Nhulunbuy,1,-12.1835392,136.7860989,105,
ataili,1,-8.505541299999999,123.452367,106,
Bali,3,-8.4095178,115.188916,107,
Bali,1,-8.4095178,115.188916,107,
Bali,2,-8.4095178,115.188916,107,
Bali,1,-8.4095178,115.188916,107,
RaUng 58,1,-8.1258333,114.0458333,108,Banyuwangi
Lae,1,-6.7155252,146.999905,109,Lae
Papua New Guinea,1,-6.314992999999999,143.95555,110,
Torokina,1,-6.2448035,155.0419034,111,
Bougainville,1,-6.053602,155.1907309,112,
New Guinea's,1,-5.0122202,141.3470159,113,
Indonesia,1,-0.789275,113.921327,114,
Singapore,3,1.352083,103.819836,115,Singapore
Singapore,1,1.352083,103.819836,115,Singapore
Bitung,1,1.4403744,125.1216524,116,Bitung
l. Jersey,1,1.5252662,103.6610018,117,Iskandar Puteri
Colombia,2,4.570868,-74.297333,118,Soacha
Lagos,1,6.5243793,3.3792057,119,
Lagos,2,6.5243793,3.3792057,119,
Panama,1,8.537981,-80.782127,120,
PANAMA,1,8.537981,-80.782127,120,
Costa Rica,1,9.748917,-83.753428,121,
Puntarenas,2,9.9778439,-84.82942109999999,122,Puntarenas
Cartagena,3,10.3932277,-75.4832311,123,Cartagena de Indias
San Juan del Sur,2,11.263406,-85.8639766,124,
thmgs 1hat,1,11.3377142,77.71826940000001,125,Erode
Nha Trang,1,12.2529152,109.1899018,126,Thành phố Nha Trang
Sudan,4,12.862807,30.217636,127,
Nicaragua,1,12.865416,-85.207229,128,
Philippines,1,12.879721,121.774017,129,
Los Angeles.(PG,1,12.9088834,74.9938573,130,
Los Angeles.(PG,1,12.9088834,74.9938573,130,
Los Angeles.(PG,1,12.9088834,74.9938573,130,
Khartoum,4,15.5006544,32.5598994,131,الخرطوم
Huatulco,2,15.8340071,-96.3199488,132,
Mali,1,17.570692,-3.996166,133,
Puerto,1,18.220833,-66.590149,134,
Virgin Islands,1,18.3333333,-64.75,135,
US Virgin Islands,3,18.335765,-64.896335,136,
Tht Dominican,1,18.735693,-70.162651,137,
Mumbai,1,19.0759837,72.8776559,138,Mumbai Suburban District
MUMBAI,1,19.0759837,72.8776559,138,Mumbai Suburban District
Hawaii Flve-0,1,19.8986819,-155.6658568,139,
INDIA,1,20.593684,78.96288,140,
India,3,20.593684,78.96288,140,
India,3,20.593684,78.96288,140,
Puerto Vallarta,2,20.653407,-105.2253316,141,Puerto Vallarta
Cun,1,21.0417033,-86.8740062,142,
Cuba,1,21.521757,-77.781167,143,Camagüey
thei.r,1,22.269919,114.240714,144,香港島 Hong Kong Island
Hong Kong,4,22.3193039,114.1693611,145,九龍 Kowloon
Hong Kong,1,22.3193039,114.1693611,145,九龍 Kowloon
differenl,1,23.1261837,113.2471997,146,荔湾区
Mexico,2,23.634501,-102.552784,147,
Bangladesh,1,23.684994,90.356331,148,
Dhaka,2,23.804093,90.4152376,149,ঢাকা
Onelor,2,25.3764721,55.5128061,150,عجمان
Miami,1,25.7616798,-80.1917902,151,Miami
Logans Beach,1,26.0134498,-80.11567749999999,152,Hollywood
fll,1,26.1224386,-80.13731740000001,153,Fort Lauderdale
Fort Lauderdale,1,26.1224386,-80.13731740000001,153,Fort Lauderdale
Palm Beach's,1,26.7056206,-80.0364297,154,
Egypt,2,26.820553,30.802498,155,
Egypt,2,26.820553,30.802498,155,
Egypt,1,26.820553,30.802498,155,
EGYPT,1,26.820553,30.802498,155,
Jaipur,2,26.9124336,75.7872709,156,Jaipur
Jaipur,1,26.9124336,75.7872709,156,Jaipur
Agra,1,27.1766701,78.00807449999999,157,Agra
Bhutan,1,27.514162,90.433601,158,Bji Saengbji
DISTRICT FL,1,27.6648274,-81.5157535,159,
the Palm Springs,1,28.4472647,77.1007152,160,Gurugram District
Mool­,1,28.4976638,77.085563,161,Gurugram District
territo­,1,28.5627386,-81.5565432,162,
Golden Triangle Delhi,1,28.65032219999999,77.200356,163,
Choclyn,1,28.6942427,77.1290788,164,
edlhnleW1de,1,28.7040592,77.10249019999999,165,
Delhi,2,28.7040592,77.10249019999999,165,
Sonora,1,29.2972247,-110.3308814,166,
Houston,1,29.7604267,-95.3698028,167,Houston
Houston,1,29.7604267,-95.3698028,167,Houston
New Orlean,1,29.95106579999999,-90.0715323,168,New Orleans
New Orleans,1,29.95106579999999,-90.0715323,168,New Orleans
New Orleans,1,29.95106579999999,-90.0715323,168,New Orleans
New Orleans,1,29.95106579999999,-90.0715323,168,New Orleans
New EGA,1,30.0505753,31.245891,169,القاهرة
New EGA,1,30.0505753,31.245891,169,القاهرة
Panama City,2,30.1588129,-85.6602058,170,Panama
Pakistan,1,30.375321,69.34511599999999,171,
Israel,1,31.046051,34.851612,172,מועצה אזורית רמת נגב
Wanong,1,31.06993,95.90786,173,ལྷོ་རོང་རྫོང་ 洛隆县
Motza,1,31.794407,35.168509,174,ירושלים | القدس
lieelong,1,31.89982,99.79437,175,
West Bank,3,31.9465703,35.3027226,176,
north­,1,32.325113,-110.9283994,177,Tucson
Mississippi,1,32.3546679,-89.3985283,178,
Jenin,1,32.4646353,35.2938591,179,جنين
JO Drive,1,32.6291368,-96.8626703,180,
San Diego,1,32.715738,-117.1610838,181,San Diego
sa.so,1,32.7482643,-97.0463333,182,Arlington
Llrving,1,32.8140177,-96.9488945,183,Irving
Jfranklin,1,32.8705226,-83.6608622,184,Macon
Wl!ltOK«l!llHll­,1,33.09671,-89.077203,185,
PHOENIX,1,33.4483771,-112.0740373,186,Phoenix
tltis,1,33.5708827,-7.677872499999999,187,arrondissement de Hay Hassani مقاطعة الحي الحسني
Orange County,1,33.7174708,-117.8311428,188,
Indio,1,33.7205771,-116.2155619,189,Indio
Palm Desert's,1,33.7210509,-116.3760455,190,
Rancho Mirage,1,33.739744,-116.41279,191,
Palm Springs City Hall,1,33.824045,-116.5114939,192,Palm Springs
Palm Spring,1,33.8302961,-116.5452921,193,Palm Springs
"Palm prings).""Everybody",1,33.8302961,-116.5452921,193,Palm Springs
Palm Springs,2,33.8302961,-116.5452921,193,Palm Springs
Palm Springs',2,33.8302961,-116.5452921,193,Palm Springs
Palm Springs,18,33.8302961,-116.5452921,193,Palm Springs
Sc,1,33.836081,-81.1637245,194,
SC,1,33.836081,-81.1637245,194,
wtll!w\,1,33.8514737,-118.3704803,195,Torrance
wfll,1,33.8617448,-117.9424723,196,Fullerton
Brookwood,1,33.8836398,-84.0400713,197,
Afghanistan,2,33.93911,67.709953,198,
Malibu,1,34.0380585,-118.6923438,199,
LA,1,34.0522342,-118.2436849,200,Los Angeles
Los Angeles,2,34.0522342,-118.2436849,200,Los Angeles
Los Angeles,3,34.0522342,-118.2436849,200,Los Angeles
Los Angeles,1,34.0522342,-118.2436849,200,Los Angeles
Los Angeles,2,34.0522342,-118.2436849,200,Los Angeles
LA,2,34.0522342,-118.2436849,200,Los Angeles
Hollywood,3,34.0928092,-118.3286614,201,Los Angeles
TUPELO BEACH,1,34.2576066,-88.7033859,202,Tupelo
Hiroshima,1,34.3852894,132.4553055,203,広島市
Syria,2,34.80207499999999,38.996815,204,
Arkansaw,1,35.20105,-91.8318334,205,
Charlotte,1,35.2270869,-80.8431267,206,Charlotte
ne-nc,1,35.4576707,-76.06324219999999,207,
Tenn,1,35.5174913,-86.5804473,208,
TOKYO,1,35.6761919,139.6503106,209,杉並区
Tokyo,7,35.6761919,139.6503106,209,杉並区
Pleasant Park,6,35.7020037,-78.88552279999999,210,
NMcCartney,1,35.7468733,-90.6889088,211,
NC,1,35.7595731,-79.01929969999999,212,
NC,1,35.7595731,-79.01929969999999,212,
NC,1,35.7595731,-79.01929969999999,212,
NC,2,35.7595731,-79.01929969999999,212,
China,1,35.86166,104.195397,213,
China,1,35.86166,104.195397,213,
China,1,35.86166,104.195397,213,
China,3,35.86166,104.195397,213,
Vegas,1,36.171563,-115.1391009,214,Las Vegas
las!,1,36.171563,-115.1391009,214,Las Vegas
Las Vegas,1,36.171563,-115.1391009,214,Las Vegas
Japan,1,36.204824,138.252924,215,
JAPAN,1,36.204824,138.252924,215,
Japan,1,36.204824,138.252924,215,
Homele,1,36.2059425,43.9845763,216,ھەولێر
Winocka,1,36.5822557,-98.8798145,217,
CA,1,36.778261,-119.4179324,218,
California,1,36.778261,-119.4179324,218,
Norfolk,5,36.8507689,-76.28587259999999,219,Norfolk
ne• tum,1,36.8924433,15.0651945,220,
East Beach,1,36.9275731,-76.1852736,221,Norfolk
Syracusan,1,37.0754739,15.2865861,222,Siracusa
USA,1,37.09024,-95.712891,223,
America,1,37.09024,-95.712891,223,
America,1,37.09024,-95.712891,223,
America,3,37.09024,-95.712891,223,
USA,1,37.09024,-95.712891,223,
US,3,37.09024,-95.712891,223,
US,8,37.09024,-95.712891,223,
US,6,37.09024,-95.712891,223,
the United States,1,37.09024,-95.712891,223,
America,4,37.09024,-95.712891,223,
N.Murphy,1,37.20856089999999,-93.2941665,224,Springfield
Catania,2,37.5078772,15.0830304,225,Catania
Richmond,2,37.5407246,-77.4360481,226,Richmond
RICHMOND,1,37.5407246,-77.4360481,226,Richmond
Richmond,2,37.5407246,-77.4360481,226,Richmond
Richmond,1,37.5407246,-77.4360481,226,Richmond
Richmond,18,37.5407246,-77.4360481,226,Richmond
Seoul,1,37.5518911,126.9917937,227,서울
San Francisco,1,37.7749295,-122.4194155,228,San Francisco
San Francisco,1,37.7749295,-122.4194155,228,San Francisco
Dreambound,1,37.7813333,-122.4024254,229,San Francisco
Kentucky,1,37.8393332,-84.2700179,230,
Momlngton MO,1,37.9642529,-91.8318334,231,
acros,1,38.0186856,-87.52110800000001,232,Evansville
Navato,1,38.1074198,-122.5697032,233,
Sonoma,1,38.291859,-122.4580356,234,
S.iicramenlo,1,38.5815719,-121.4943996,235,Sacramento
St Louis',1,38.6270025,-90.1994042,236,Saint Louis
PGav,2,38.6273496,-90.1887947,237,Saint Louis
45616 LAYISHTHINKERw(l,1,38.8199214,-83.357567,238,
T.Ste,1,38.867344,-77.01340499999999,239,Washington
Washington DC,1,38.9071923,-77.0368707,240,Washington
Washington,1,38.9071923,-77.0368707,240,Washington
Delaware,1,38.9108325,-75.52766989999999,241,
Turkey,1,38.963745,35.243322,242,
Kansas,1,39.011902,-98.4842465,243,
lurn,1,39.1159478,-77.1820999,244,Rockville
Jlor,1,39.3221779,-74.514657,245,
Mpowerlnc,1,39.3796942,-77.41050729999999,246,
ESTADIOMESTALLAlh(8)_CJW,1,39.47466,-0.3585882,247,València
LVWalkenhorst,1,39.6806411,-119.704811,248,
South Warmam­,1,39.7253287,-86.2052066,249,Indianapolis
Old City,1,39.9500455,-75.1438117,250,Philadelphia
NJ,1,40.0583238,-74.4056612,251,
Lecce,1,40.3515155,18.1750161,252,Lecce
Anchorage Beach,1,40.3673046,-73.9735742,253,
previ­,2,40.4297782,-111.8943629,254,Lehi
Spain,5,40.46366700000001,-3.74922,255,Madrid
Spain,2,40.46366700000001,-3.74922,255,Madrid
Flemington,2,40.5123258,-74.85933179999999,256,
Flemington,1,40.5123258,-74.85933179999999,256,
Flemington,3,40.5123258,-74.85933179999999,256,
Indiana,1,40.5512165,-85.60236429999999,257,
Brooklyn,2,40.6781784,-73.9441579,258,New York
Brooklyn,1,40.6781784,-73.9441579,258,New York
K.ColhM,1,40.6962581,-73.3224896,259,
New York,2,40.7127753,-74.0059728,260,New York
New York,1,40.7127753,-74.0059728,260,New York
Queens­,1,40.7282239,-73.7948516,261,New York
Queens,1,40.7282239,-73.7948516,261,New York
Queens,5,40.7282239,-73.7948516,261,New York
Queens,2,40.7282239,-73.7948516,261,New York
Queens,1,40.7282239,-73.7948516,261,New York
Queens­,1,40.7282239,-73.7948516,261,New York
Manhattan,1,40.7830603,-73.9712488,262,New York
Manhattan,1,40.7830603,-73.9712488,262,New York
Puglia,2,40.7928393,17.1011931,263,
Montville,1,40.9148209,-74.383763,264,
Bari,1,41.1171432,16.8718715,265,Bari
PA,1,41.2033216,-77.1945247,266,
Mt!scamnto,1,41.408969,-75.66241219999999,267,Scranton
submer,1,41.480705,2.0239284,268,
Davenport,1,41.5236437,-90.5776367,269,Davenport
St Kilda's,1,41.573812,-93.7085556,270,West Des Moines
ri,2,41.5800945,-71.4774291,271,
ri,1,41.5800945,-71.4774291,271,
Connecticut,1,41.6032207,-73.087749,272,
Crescent City,1,41.7557501,-124.2025913,273,Crescent
ptav,1,41.7576994,-71.4320505,274,Warwick
Providence,1,41.8239891,-71.4128343,275,Providence
i.sa,1,41.8500231,-87.9424422,276,
North Dighton,1,41.8644591,-71.13003379999999,277,
Italy,4,41.87194,12.56738,278,Roma
Italy,4,41.87194,12.56738,278,Roma
Saint Minerva,1,41.8979888,12.4780226,279,Roma
Rome,2,41.9027835,12.4963655,280,Roma
Rome,1,41.9027835,12.4963655,280,Roma
Rome,1,41.9027835,12.4963655,280,Roma
Pl!dto,1,41.9120866,3.1675342,281,
aghl,1,42.2785217,-88.9787934,282,Rockford
Jamecca Plains,1,42.3132414,-71.1141118,283,Boston
Georgia,1,42.315407,43.35689199999999,284,
Georgia,4,42.315407,43.35689199999999,284,
bu incs,1,42.3504997,-71.1053991,285,Boston
Tower Hill,1,42.360568,-71.72748849999999,286,
Htl'M'.9)Ma',1,42.4072107,-71.3824374,287,
Malden,1,42.4250964,-71.066163,288,
Malden SW,1,42.4250964,-71.066163,288,
Malden SW,10,42.4250964,-71.066163,288,
Bools,1,42.4408344,-76.49535949999999,289,Ithaca
Salem,4,42.5197473,-70.8954626,290,Salem
Albany,2,42.6525793,-73.7562317,291,Albany
Westmere,1,42.6911891,-73.8687343,292,
againsl,1,42.7792672,-1.6412543,293,Galar
Meua,1,43.08350679999999,-76.0629519,294,
Baynes,1,43.48788,-84.095123,295,
Mghl,1,43.6283242,-79.6491391,296,Mississauga
solu­,1,43.6504333,-88.1080162,297,
Heywood-Portland,1,43.662849,-70.275536,298,Portland
Nice,1,43.7101728,7.261953200000001,299,Nice
nic:es,1,43.7101728,7.261953200000001,299,Nice
Florence,1,43.7695604,11.2558136,300,Firenze
Florence,1,43.7695604,11.2558136,300,Firenze
f'-Mee\JOOm5eytnotlf2'fO+Hq)C58.lSdU6JMay mi,1,44.3148443,-85.60236429999999,301,
heavyground,1,44.4007535,12.2043152,302,Ravenna
Collingwood,1,44.50076869999999,-80.2169047,303,
Collingwood,1,44.50076869999999,-80.2169047,303,
Oak Island,2,44.5122805,-64.2949465,304,
Bordeaux,1,44.837789,-0.57918,305,Bordeaux
Ottawa,1,45.4215296,-75.69719309999999,306,(Old) Ottawa
Ottawa,1,45.4215296,-75.69719309999999,306,(Old) Ottawa
Pineview,1,45.4239279,-75.605533,307,Ottawa
Venice,1,45.4408474,12.3155151,308,Mestre
Venice,3,45.4408474,12.3155151,308,Mestre
Piazza Duomo,1,45.4641941,9.189698,309,Milano
Portland,8,45.515232,-122.6783853,310,Portland
Portland,10,45.515232,-122.6783853,310,Portland
Portland,2,45.515232,-122.6783853,310,Portland
PORTLAND,1,45.515232,-122.6783853,310,Portland
Portland,20,45.515232,-122.6783853,310,Portland
Portland,7,45.515232,-122.6783853,310,Portland
Lyon,3,45.764043,4.835659,311,Lyon
Lyon,2,45.764043,4.835659,311,Lyon
Butte,1,46.0038232,-112.5347776,312,Butte
France,2,46.227638,2.213749,313,
Soll(S,1,46.3598939,11.241014,314,
St George Ban.k,1,46.5649601,21.7272883,315,
MAlS+l,1,46.6863988,10.5514095,316,
Quebec,1,46.8130816,-71.20745959999999,317,Québec
Saint Martins,1,47.0407318,-122.8154094,318,
thaL.,1,47.078596,15.3552061,319,
Hungary,1,47.162494,19.503304,320,
"Jlmmys E.,Broadway",1,47.6114238,-122.3205578,321,Seattle
bJue,1,47.80930009999999,9.2511273,322,
Zaporizhzhia,3,47.8388,35.139567,323,Запоріжжя
Orleans,1,47.902964,1.909251,324,Orléans
Orleans,1,47.902964,1.909251,324,Orléans
Kazakh,1,48.019573,66.923684,325,
Marysville,1,48.0517637,-122.1770818,326,
tum,2,48.14900799999999,11.5674039,327,München
Vienna,1,48.2081743,16.3738189,328,Wien
Vienna,1,48.2081743,16.3738189,328,Wien
Ukraine,1,48.379433,31.16558,329,
Ukraine,5,48.379433,31.16558,329,
West Victoria,1,48.433684,-123.38718,330,Victoria
WEST Victoria,1,48.433684,-123.38718,330,Victoria
Haintz,1,48.69591519999999,10.054238,331,
Paris,6,48.856614,2.3522219,332,Paris
Paris,3,48.856614,2.3522219,332,Paris
Paris,1,48.856614,2.3522219,332,Paris
Paris,2,48.856614,2.3522219,332,Paris
Paris,2,48.856614,2.3522219,332,Paris
Regensburg,1,49.0134297,12.1016236,333,Regensburg
Jersey,3,49.2137711,-2.1357662,334,Saint Lawrence
Jersey,3,49.2137711,-2.1357662,334,Saint Lawrence
Vancouver,1,49.2827291,-123.1207375,335,Vancouver
Rothenburg,1,49.3801834,10.1867388,336,
amecourt,1,49.380192,1.731205,337,
Guernsey,1,49.4481982,-2.58949,338,Castel
Wurzburg,1,49.79130439999999,9.9533548,339,Würzburg
Winnipeg,1,49.8954221,-97.1385145,340,Winnipeg
Coburg,1,50.2612094,10.962695,341,
Coburg,1,50.2612094,10.962695,341,
Pemberton,1,50.322028,-122.8050498,342,
Princetown,1,50.5440793,-3.9904538,343,West Devon
Merrivale,1,50.55762199999999,-4.049531,344,West Devon
Merrivale,1,50.55762199999999,-4.049531,344,West Devon
Dart­ moor,1,50.5718857,-3.9206884,345,West Devon
Hcale ville,1,50.6045194,-1.3184195,346,
Chesll Beach,1,50.6266703,-2.5605472,347,
Chesll Beach.(2017,1,50.6266703,-2.5605472,347,
Chesll Beach,1,50.6266703,-2.5605472,347,
Lille,1,50.62925,3.057256,348,Lille
Broadwater,1,50.8284525,-0.3745477,349,
Germany,1,51.165691,10.451526,350,Vogtei
Penshurst,3,51.1727246,0.1824358,351,
WOOiey,1,51.2097555,-2.6912839,352,
Bath,1,51.3781018,-2.3596827,353,Bath
hellekens,1,51.3791407,5.252299,354,
SofITT,1,51.4287737,-2.6334927,355,Bristol
Blackheath,2,51.4658393,0.0090338,356,London
ang Mortlake,1,51.4687363,-0.2627417,357,London
Mortlake,5,51.4687363,-0.2627417,357,London
Mortlake,2,51.4687363,-0.2627417,357,London
LONDON,1,51.5072178,-0.1275862,358,London
London,1,51.5072178,-0.1275862,358,London
London,1,51.5072178,-0.1275862,358,London
London,1,51.5072178,-0.1275862,358,London
He.ivy(BJ,1,51.5128603,-0.128045,359,London
Euston,1,51.5280991,-0.1332084,360,London
South Wales,1,51.6858341,-3.3821421,361,
South Wales,2,51.6858341,-3.3821421,361,
South Wales,1,51.6858341,-3.3821421,361,
Olmln l400,1,51.8670254,5.8721896,362,Nijmegen
Cork,1,51.8985143,-8.4756035,363,Cork
Ipswich,1,52.056736,1.14822,364,Ipswich
B.Barry 2,1,52.1277623,-8.2895635,365,
Holland,2,52.132633,5.291265999999999,366,
GoodC,1,52.2471366,21.0632676,367,Warszawa
Dennington,2,52.253926,1.3393709,368,East Suffolk
Warwick,1,52.28231599999999,-1.584927,369,
England,1,52.3555177,-1.1743197,370,
England,11,52.3555177,-1.1743197,370,
England,13,52.3555177,-1.1743197,370,
England,6,52.3555177,-1.1743197,370,
Tassie,1,52.3637788,4.886993599999999,371,Amsterdam
Edgbaston,2,52.4553184,-1.9040926,372,Birmingham
Edgbaston,1,52.4553184,-1.9040926,372,Birmingham
Birmingham,1,52.48624299999999,-1.890401,373,Birmingham
Birmingham,1,52.48624299999999,-1.890401,373,Birmingham
Peterborough,1,52.57031689999999,-0.2407996999999999,374,Peterborough
Derby,1,52.9225301,-1.4746186,375,Derby
"53,9",1,52.9995357,9.0026872,376,
Newfoundland,1,53.1355091,-57.6604364,377,
Jubilee Park,1,53.1557403,-0.2215658,378,East Lindsey
Sheffield,1,53.38112899999999,-1.470085,379,Sheffield
Heywood,5,53.592628,-2.22565,380,
B.Jenkinson,1,53.6924621,-1.6311384,381,Kirklees
Belarus,1,53.709807,27.953389,382,Дукорскі сельскі Савет
Manitoba,4,53.7608608,-98.8138763,383,Unorganized Division No. 21
Yorkshire,1,53.9590858,-1.0792403,384,York
Yorkshire,1,53.9590858,-1.0792403,384,York
York,1,53.9614205,-1.0739108,385,York
Kavanas,1,53.9897186,-7.3633319,386,
M.Monaghan,1,54.2492434,-6.9683082,387,
Whitehaven,1,54.549699,-3.589233,388,
Coleraine,1,55.1325802,-6.6646102,389,
Britain,2,55.378051,-3.435973,390,
Britain,1,55.378051,-3.435973,390,
Moscow,1,55.755826,37.6173,391,"РОССИЯ, РАЗВАЛИСЬ"
Canada,2,56.130366,-106.346771,392,Unorganized Division No. 18
Canada,1,56.130366,-106.346771,392,Unorganized Division No. 18
Scotland,1,56.49067119999999,-4.2026458,393,
Ounkeld,1,56.5676532,-3.5862204,394,
Dunkeld,1,56.5676532,-3.5862204,394,
Glencoe,2,56.68255989999999,-5.1022713,395,
ilbnotmilil,1,57.675144,-2.812153,396,
Kodiak,1,57.79000000000001,-152.4072222,397,
St Kilda,4,57.83481324783624,-8.56354406037558,398,
St KJkta,1,57.83481324783624,-8.56354406037558,398,
St Kilda,6,57.83481324783624,-8.56354406037558,398,
St Kilda,1,57.83481324783624,-8.56354406037558,398,
Marwick,1,59.1045876,-3.3403778,399,
Stockholm,1,59.32932349999999,18.0685808,400,Stockholms kommun
Bergen,1,60.39126279999999,5.3220544,401,Bergen
Norway,1,60.47202399999999,8.468945999999999,402,
RUSSIA,1,61.52401,105.318756,403,
Russia,1,61.52401,105.318756,403,
Russia,3,61.52401,105.318756,403,
Denali,1,63.06916889999999,-151.0069842,404,
Denali,1,63.06916889999999,-151.0069842,404,
ISLAND,1,64.963051,-19.020835,405,
