Location,Latitude,Longitude,Count
Fort Lee,40.8509333,-73.9701381,2352
Bogota,40.8762106,-74.0298621,2129
Harrington Park,40.9837089,-73.9798601,2014
Haworth,40.9609315,-73.9901383,2031
Northvale,41.0064864,-73.9490258,2107
Norwood,40.9981532,-73.96180389999999,2021
Emerson,40.976209,-74.0262505,671
Hillsdale,41.0025975,-74.0404175,1844
Montvale,41.0467635,-74.0229173,1864
Park Ridge,41.0375968,-74.0406956,1746
River Vale,41.0147679,-74.01197359999999,1744
Washington Township,39.7561387,-75.07279559999999,1909
Bergenfield,40.9275987,-73.9973608,3117
New York City,None,None,168
Clifton,40.8584328,-74.16375529999999,1213
Lyndhurst,40.81201710000001,-74.1243063,1851
Maywood,40.902599,-74.06180739999999,3838
Hasbrouck Heights,40.85815530000001,-74.0806971,2729
china,None,None,198
Warren County,40.8841854,-74.92087719999999,259
Hawthorne,40.9492649,-74.1537549,1775
North Haledon,40.9550981,-74.1859781,1493
Prospect Park,40.9370428,-74.1743111,1493
Totowa,40.9050988,-74.20986789999999,1517
Allendale,41.0414857,-74.129032,2137
Ho-Ho-Kus,40.99648639999999,-74.101253,2456
Midland Park,40.98926429999999,-74.1406988,2633
Pennsylvania,40.0583238,-74.4056612,225
New Jersey,40.0583238,-74.4056612,1336
North Arlington,40.788434,-74.1331988,55
Wallington,40.8531553,-74.11375370000002,316
Bergen County Slain,40.9262762,-74.07701,12
Jersey City,40.7177545,-74.0431435,1063
Teaneck,40.8932469,-74.0116536,896
Bergen County,40.9262762,-74.07701,1526
New Jersey's,40.0583238,-74.4056612,37
Philadelphia,40.0583238,-74.4056612,98
St. Joseph’s Regional Medical Center,40.9028517,-74.1662739,38
Paterson,40.9167654,-74.17181099999999,304
the Silk City,40.0583238,-74.4056612,30
Rockland County,None,None,79
Greenwood Lake,None,None,12
Orange County,40.0583238,-74.4056612,34
Rockaway Borough,40.8958681,-74.514102,47
Clif,40.88537729999999,-73.9523597,40
Mahwah,41.0886216,-74.1435843,46
Warren,40.6341746,-74.505529,276
Vineland,39.4863773,-75.02596369999999,118
New Hampshire,40.0583238,-74.4056612,59
U.S.,40.0583238,-74.4056612,1087
Bergen County Jail,40.8736745,-74.0398374,264
Cliffside Park,40.8214894,-73.9876388,69
Colonia,40.584867,-74.3039227,283
Woodbridge,40.5575986,-74.2846022,304
Middlesex County,40.4111363,-74.35874729999999,194
Oak Street,40.910821,-74.413258,17
Glen Rock,40.9628758,-74.1329207,224
Elmwood Park,40.9039878,-74.118476,43
Rochelle Park,40.9073328,-74.07512729999999,34
Van Saun Park,40.934628,-74.04825919999999,8
Morristown,40.79676670000001,-74.4815438,92
Bronx,None,None,285
Hackensack,40.8859325,-74.0434736,1488
Hunterdon County Facebook Page,40.56695149999999,-74.92087719999999,52
Hunterdon County,40.56695149999999,-74.92087719999999,87
Hunterdon,40.56695149999999,-74.92087719999999,101
New York State,40.0583238,-74.4056612,6
Suffern,None,None,14
Newark,40.735657,-74.1723667,1512
Maplewood,40.7299793,-74.271992,9
King,40.0583238,-74.4056612,51
Berkeley Heights,40.6808726,-74.4310524,18
New Providence,40.6984348,-74.4015405,9
Middlesex,40.572603,-74.4926541,56
North Jersey,40.0583238,-74.4056612,413
Glaze Donuts,40.940924,-74.0216219,4
New Milford,40.9350986,-74.0190281,73
Walnut Street,40.8177542,-74.212089,6
America,40.0583238,-74.4056612,35
Washington St.,41.0216125,-73.9406001,4
Hoboken,40.7439905,-74.0323626,108
Canfield,40.0583238,-74.4056612,4
Plainfield,40.6337136,-74.4073736,26
New Jersey’s,40.0583238,-74.4056612,82
Husband,40.0583238,-74.4056612,75
Ireland,40.0583238,-74.4056612,1
East Orange,40.767323,-74.2048677,52
Role,40.0583238,-74.4056612,12
Irvington,40.7263249,-74.22864349999999,19
New York,None,None,381
Delaware,40.4307258,-74.9442585,53
North Carolina,40.0583238,-74.4056612,47
Georgia,40.1873348,-74.2845906,80
Virginia,40.0583238,-74.4056612,18
Connecticut,40.0583238,-74.4056612,50
Massachusetts,40.0583238,-74.4056612,73
South Carolina,40.0583238,-74.4056612,8
Detective Sgt,40.0583238,-74.4056612,13
St. W,40.0583238,-74.4056612,27
Hudson County,40.7453199,-74.05351259999999,138
West New York,40.7878788,-74.0143064,98
This Jersey City,40.7177545,-74.0431435,61
West Orange,40.7985699,-74.23908279999999,28
Driver Hospitaliz,40.0583238,-74.4056612,137
Linden,40.6220478,-74.24459019999999,94
Autism Speaks,40.0583238,-74.4056612,44
the Emil A. Cavallini Middle School,41.0626297,-74.0967577,44
Lyons Park,40.0583238,-74.4056612,40
Paramus,40.9445428,-74.0754189,198
New Jersey Lottery,40.0583238,-74.4056612,43
Bloomfield,40.8067546,-74.1854209,17
Warren County Parents,40.8841854,-74.92087719999999,6
Newa,40.735657,-74.1723667,31
Morris County,40.8336038,-74.54632819999999,166
Killing,40.0583238,-74.4056612,65
Bensalem,40.0583238,-74.4056612,64
PA,40.0583238,-74.4056612,84
Passaic County Driver Ran,41.1231647,-74.35874729999999,26
PD,40.0583238,-74.4056612,26
Joyanne,40.0583238,-74.4056612,35
Englewood,40.8928771,-73.9726381,106
Dumont,40.9406541,-73.9968051,135
Del Rio,40.0583238,-74.4056612,13
Texas,39.9426129,-74.93405589999999,30
San Antonio,40.0583238,-74.4056612,13
Mississippi,40.0583238,-74.4056612,14
Laughlin,40.0583238,-74.4056612,13
NJSP,40.0583238,-74.4056612,4
New Brunswick,40.4862157,-74.4518188,21
New Jersey State,40.0583238,-74.4056612,102
Chalfont,40.0583238,-74.4056612,4
Jharkhand,40.0583238,-74.4056612,4
India,40.0583238,-74.4056612,8
New Jersey',40.0583238,-74.4056612,51
Seattle,40.0583238,-74.4056612,34
Suffolk County,None,None,24
St. Hubert's Lifestyle Content Partnership Highclere Castle Gin Evokes,40.0583238,-74.4056612,4
Jefferson,41.0029893,-74.5580454,33
Indiana,40.0583238,-74.4056612,122
Manhattan,None,None,171
Jersey City Attack,40.7177545,-74.0431435,49
Sayreville,40.45940210000001,-74.360846,43
Secaucus,40.7895453,-74.05652979999999,159
Zs,40.0583238,-74.4056612,7
Cureton,40.0583238,-74.4056612,36
Paterson City,40.9167654,-74.17181099999999,41
Incca Village,40.0583238,-74.4056612,53
Union City,40.7795455,-74.02375119999999,75
Westwood,40.9912087,-74.0326395,27
Hunterdon County Superior Court,40.5125498,-74.8606212,17
Jersey City Driver,40.7177545,-74.0431435,12
Milwaukee,40.0583238,-74.4056612,6
Wisconsin,40.0583238,-74.4056612,6
Jersey City:,40.7177545,-74.0431435,66
Oji,40.0583238,-74.4056612,57
Bergen,40.9262762,-74.07701,33
Rockaway,40.9012101,-74.51432319999999,18
Jersey City's,40.7177545,-74.0431435,22
Cyndia,40.9077224,-74.2064437,14
Tobin,40.0583238,-74.4056612,50
Oakland,41.0131529,-74.26431430000001,194
Vreeland,None,None,34
Villanova Heights,40.0583238,-74.4056612,45
East Rutherford,40.833989,-74.0970865,54
Warren Hills,40.7549302,-74.9910112,39
N,40.0583238,-74.4056612,19
Union Township,40.6975898,-74.26316349999999,33
NJDOC,40.0583238,-74.4056612,31
Garfield,40.8814882,-74.113198,51
Lola,40.0583238,-74.4056612,48
Paragon,40.0583238,-74.4056612,27
U.S,40.0583238,-74.4056612,27
Essex County,40.7947466,-74.2648829,31
The United States,40.0583238,-74.4056612,5
Wayne,40.92537249999999,-74.2765441,41
Kearny,40.7684342,-74.1454214,41
Florida,40.0583238,-74.4056612,64
USA,40.0583238,-74.4056612,167
Armand,40.0583238,-74.4056612,14
MD,40.0583238,-74.4056612,86
Permanency,40.0583238,-74.4056612,37
Sparta,41.0360345,-74.63672559999999,30
Washington,40.7584326,-74.9793378,53
St. Moritz,40.0583238,-74.4056612,2
Henderson,None,None,4
New York State Police,40.0583238,-74.4056612,2
Jersey City Mom,40.7177545,-74.0431435,12
Mine Hill,40.8778768,-74.5937701,35
Parsippany,40.8652865,-74.41738769999999,184
Francois,40.0583238,-74.4056612,1
Saddle Brook,40.9040085,-74.10073179999999,56
Sussex County,41.1288481,-74.6868815,179
NJ,40.0583238,-74.4056612,20
Rockland,None,None,50
Alpine,40.9559316,-73.9312478,27
Newburgh,None,None,3
Passaic County,41.1231647,-74.35874729999999,200
Woodland Park,40.8898212,-74.19486739999999,38
Chadwick,40.0583238,-74.4056612,24
Dichio,40.0583238,-74.4056612,28
Meridia,None,None,40
Bergen County's,40.9262762,-74.07701,55
Dare County,40.0583238,-74.4056612,10
D.C.,40.0583238,-74.4056612,22
Wynantsville,None,None,10
Duck,40.0583238,-74.4056612,10
Albany,40.001501,-74.9712804,10
Rensselaer County,None,None,10
Englewood Cliffs,40.88537729999999,-73.9523597,17
Jersey,40.7177545,-74.0431435,69
Moshe Deutsh,40.0583238,-74.4056612,31
Bergenfield Jersey City Detective,40.7177545,-74.0431435,3
Thrillist,40.0583238,-74.4056612,11
California,40.0583238,-74.4056612,63
Chicago,40.0583238,-74.4056612,16
Honolulu,40.0583238,-74.4056612,11
Boston,40.0583238,-74.4056612,11
Dallas,40.0583238,-74.4056612,11
Kenilworth,40.6764911,-74.2907032,94
Denver,40.8923212,-74.47737750000002,41
Dover,40.883988,-74.5621025,163
Canada,40.0583238,-74.4056612,142
FedEx,40.0583238,-74.4056612,28
Queens,None,None,11
N.Y.,None,None,25
Jaremy Vazquez,40.0583238,-74.4056612,10
Brooklyn,39.69317119999999,-74.9426662,383
Ohio,40.0583238,-74.4056612,43
Kentucky,40.0583238,-74.4056612,11
San Mariano,40.0583238,-74.4056612,15
Passaic County's,41.1231647,-74.35874729999999,52
Ramsey,41.0573188,-74.1409771,23
Ridgewood,40.9792645,-74.11653129999999,15
Kinchley,41.0777233,-74.1386945,38
Miami,39.0345573,-74.93684,11
Hamburg,41.1534294,-74.5762713,61
Hardyston Township,41.11370369999999,-74.5540506,35
Stockholm,41.0988469,-74.5315328,35
New Jersey Hackensack's,40.8859325,-74.0434736,6
Bergen County Moms Do It Again,40.9262762,-74.07701,22
Bergen County Mom's,40.9262762,-74.07701,22
Ursula,40.0583238,-74.4056612,22
Sussex County Burglaries,41.1288481,-74.6868815,1
Milford,40.5687128,-75.09461689999999,2
Wantage,41.256843,-74.6166192,16
Herald,40.0583238,-74.4056612,1
McDonough,None,None,1
Hunterdon County Acting,40.56695149999999,-74.92087719999999,8
Moonwalk,40.0583238,-74.4056612,48
Poland,None,None,6
Lezajsk,40.0583238,-74.4056612,2
Andover,40.98593109999999,-74.74210889999999,37
Stephen,40.0583238,-74.4056612,1
New Jersey Welcome,39.9652553,-74.3118212,35
Buchan,40.0583238,-74.4056612,328
Salumeria,40.0583238,-74.4056612,22
Suspected,40.0583238,-74.4056612,39
Tuxedo,None,None,28
Sloatsburg,None,None,28
"Hudson, Union",40.6930235,-74.2900177,8
Essex,40.7947466,-74.2648829,10
Washington Township Stabbing,39.7561387,-75.07279559999999,8
Italy,None,None,38
Qdoba,40.0583238,-74.4056612,8
Cecilia,40.0583238,-74.4056612,149
South Street,40.0583238,-74.4056612,2
St. Hubert's Lifestyle 1 12/12/2019,40.4587602,-74.4695559,1
Nutley,40.8223168,-74.15987249999999,5
Wakefield,40.0583238,-74.4056612,4
the Essex County Detention Center,40.7444797,-74.1822631,11
Mexico,None,None,40
Bloomingdale,41.002042,-74.3265388,3
Capone,40.0583238,-74.4056612,3
Bergen Cou,40.9262762,-74.07701,13
Bergen County Wrestler,40.9262762,-74.07701,28
Tenafly,40.9253766,-73.9629154,68
Short Hills,40.7483499,-74.3232194,32
Morris County Home,40.8336038,-74.54632819999999,3
Surrounding Areas,40.0583238,-74.4056612,17
Ho-Ho-Kus PD,40.99648639999999,-74.101253,4
Jersey City Shooting,40.7177545,-74.0431435,67
St. Joseph's,40.9028517,-74.1662739,91
Canela,40.0583238,-74.4056612,26
Lesmes,40.0583238,-74.4056612,26
Frankford,41.1662778,-74.74541119999999,4
Yours,40.0583238,-74.4056612,10
Firebombings,40.0583238,-74.4056612,2
Trenton,40.2205824,-74.759717,65
Columbus,40.0727889,-74.7206894,3
Minneapolis,40.0583238,-74.4056612,1
Maryland,40.1528907,-74.3776489,83
Ocean City,39.2776156,-74.5746001,34
Kaitlyn,40.0583238,-74.4056612,34
Hubbard,40.0583238,-74.4056612,34
Del.,40.243168,-74.0006927,34
Townsend,40.0583238,-74.4056612,34
Monmouth County,40.2589455,-74.12399599999999,19
Eatentown,40.2962222,-74.0509725,10
Freehold,40.2136754,-74.3000878,10
america,40.0583238,-74.4056612,10
Saint Joseph’s,40.0583238,-74.4056612,6
Township of Washington,40.9912886,-74.0597897,38
Delagente,41.0253239,-74.2390709,6
Ukraine,40.0583238,-74.4056612,202
Bridgeport,39.8004233,-75.3478016,21
Ocean Township,40.2645806,-74.0420699,7
Nevada,40.0583238,-74.4056612,14
Glen Ridge Hits,40.805378,-74.20375659999999,13
Haworth PD,40.9609315,-73.9901383,4
Howard Beach,None,None,14
Springfield,40.7016937,-74.3222146,111
MA,40.0583238,-74.4056612,17
Cambridge,40.0290006,-74.9726691,14
Medford,39.86618259999999,-74.8390162,14
Ludlow,None,None,16
Belleville,40.7936744,-74.15004689999999,53
Cedar Grove,40.8517876,-74.2290319,25
Lynn,40.0583238,-74.4056612,8
Demarest,40.9573205,-73.9634708,25
Afghanistan,40.0583238,-74.4056612,12
Kunduz Province,40.0583238,-74.4056612,12
Union City Border,40.7795455,-74.02375119999999,23
Union City Finance,40.7795455,-74.02375119999999,17
Waze,40.0583238,-74.4056612,4
Pleasantville,39.3898388,-74.5240422,3
Oakland Oakland,41.0242919,-74.2558044,11
New Zealand,40.0583238,-74.4056612,31
Puerto Rico,40.0583238,-74.4056612,5
Hawaii,40.0583238,-74.4056612,1
Minnesota,40.0583238,-74.4056612,1
Alabama,None,None,1
Alaska,40.0583238,-74.4056612,1
Arkansas,40.0583238,-74.4056612,1
Iowa,40.0583238,-74.4056612,1
Kansas,40.0583238,-74.4056612,7
Louisiana,40.0583238,-74.4056612,3
Missouri,40.0583238,-74.4056612,27
Montana,40.7692146,-75.0656288,1
Nebraska,40.0583238,-74.4056612,1
North Carolina North Dakota Oklahoma,40.0583238,-74.4056612,1
Puerto Rico South Carolina,40.0583238,-74.4056612,1
Tennessee,40.0583238,-74.4056612,1
Utah,40.0583238,-74.4056612,1
Linkedin,40.0583238,-74.4056612,1
Forest Hills,40.7787363,-74.16803469999999,24
New Jersey Woman,40.0583238,-74.4056612,18
Maserati,40.5109072,-74.3790336,4
Edison,40.5187154,-74.4120953,8
Burlington County,39.8558488,-74.6868815,7
Fairfield,40.8837406,-74.3059959,66
New Jersey Transit,40.8041725,-74.4781504,9
Orange,40.7706187,-74.2326478,3
the Passaic County,41.1231647,-74.35874729999999,3
East Stroudsburg,40.0583238,-74.4056612,1
Blairstown,40.9831018,-74.9589405,13
Essex Line,40.7947466,-74.2648829,10
Airline,40.0583238,-74.4056612,11
Monmouth,40.2589455,-74.12399599999999,14
Manalapan,40.2859203,-74.348582,8
Los Angeles,40.0583238,-74.4056612,33
Richmond County,None,None,7
North Brunswick,40.4525163,-74.4766712,36
Roman on Instagram,40.0583238,-74.4056612,30
the Sussex County Jail,41.1288481,-74.6868815,15
Miami-Dade County,40.0583238,-74.4056612,1
Building,40.0583238,-74.4056612,13
Ukrainian,40.83575810000001,-74.4264238,36
Edmonton,40.2962222,-74.0509725,36
Kyiv,40.0583238,-74.4056612,36
Scotland,40.0583238,-74.4056612,36
Broadhurst,40.0583238,-74.4056612,28
Saipan,40.0583238,-74.4056612,27
Semioli,40.0583238,-74.4056612,2
Atlantic County,39.5333379,-74.6868815,2
the Atlantic County,39.5333379,-74.6868815,1
Myrtle Beach,40.0583238,-74.4056612,2
Replica,40.0583238,-74.4056612,15
Brick,40.0578384,-74.1371832,2
Buljeta,40.0583238,-74.4056612,12
Olivia,40.0583238,-74.4056612,8
Build,40.0583238,-74.4056612,4
East Palisade,40.8865465,-73.961739,7
North Dean Street,40.9024589,-73.9703992,7
Passaic County ',41.1231647,-74.35874729999999,8
Carolinas,40.0583238,-74.4056612,17
Vehicle,40.0583238,-74.4056612,28
Mexico City,40.0583238,-74.4056612,10
Jersey City Fire,40.7177545,-74.0431435,10
the United States,40.0583238,-74.4056612,41
Taser,40.0583238,-74.4056612,11
Brawl,40.0583238,-74.4056612,11
Westchester County,None,None,14
Cortland Manor,None,None,14
Jamaica,None,None,14
Jr.,40.0583238,-74.4056612,18
Cambria Heights,None,None,14
Rivera,40.0583238,-74.4056612,15
Raleigh,41.0003754,-73.930414,14
Shabazz,40.0583238,-74.4056612,14
Long Island City,None,None,14
Westchester County District,None,None,14
Passa,40.8567662,-74.1284764,8
West Caldwell,40.8409329,-74.3018154,9
Rutherford,40.826489,-74.10680909999999,2
Leonia,40.8614887,-73.9881942,37
Montville,40.9148209,-74.383763,17
New Jersey Paterson Street Shooting Produces,40.9167654,-74.17181099999999,5
Bethlehem,40.6700352,-75.0034782,7
the Lehigh County Coroner’s Office,40.0583238,-74.4056612,3
Andover Borough,40.98593109999999,-74.74210889999999,9
Byram Township,40.9252528,-74.7186756,9
Cloud,40.0583238,-74.4056612,1
Netcong,40.8989877,-74.7065516,3
Kingston,40.3753844,-74.6134903,14
Somerset,40.5292099,-74.64004320000001,39
Somerset County,40.5292099,-74.64004320000001,40
Robertson,40.0583238,-74.4056612,13
Fodor,40.0583238,-74.4056612,13
Easton,40.0583238,-74.4056612,13
Franklin Township,40.4933734,-74.5228916,13
I.S.,40.0583238,-74.4056612,13
T.H.,40.0583238,-74.4056612,13
Somerset County Jail,40.5689185,-74.60937609999999,13
Cranford,40.6573662,-74.3049856,28
Garden City,39.7726143,-75.0704492,2
Sanchez,40.0583238,-74.4056612,4
Bergen County Native,40.9262762,-74.07701,4
Bodycam,40.0583238,-74.4056612,2
Essex County's,40.7947466,-74.2648829,8
Lodi,40.8823215,-74.08319709999999,6
Bibimbap,40.0583238,-74.4056612,2
South Korea,40.0583238,-74.4056612,6
03/01/2019,40.0583238,-74.4056612,10
Lemoine,40.0583238,-74.4056612,5
Philippines,40.0583238,-74.4056612,1
Murray Hill,40.6951408,-74.4012651,1
Alden,40.0583238,-74.4056612,2
Klein,40.0583238,-74.4056612,1
Bergen County ',40.9262762,-74.07701,3
DEA,40.73632509999999,-74.16805529999999,2
St. Hubert's Lifestyle Content Partnership,40.7634972,-74.4428111,5
Hampton,40.7070446,-74.9560032,7
Hewitt,41.1540954,-74.35070069999999,7
St. Joseph’s,40.9028517,-74.1662739,38
St. Joe's,40.5532976,-74.37224669999999,17
Manchester,39.9711696,-74.33928209999999,10
Passaic County Sheriff,41.1231647,-74.35874729999999,10
West Broadway,None,None,6
Foster Village,40.0583238,-74.4056612,5
Pupusas,40.0583238,-74.4056612,5
Isla Vista,40.0583238,-74.4056612,9
Netflix,40.0583238,-74.4056612,9
North Salem,None,None,8
McGaheysville,40.0583238,-74.4056612,4
VA,40.0583238,-74.4056612,5
Port Chester,None,None,8
Hartford,39.9762235,-74.8940549,4
White Plains,None,None,8
South Salem,None,None,4
Elmsford,None,None,4
Palyo,40.0583238,-74.4056612,4
Mare Island,40.0583238,-74.4056612,4
Yorktown Heights,None,None,8
Charlotte,40.0583238,-74.4056612,4
Mount Vernon,40.9953746,-75.03267509999999,11
Southport,None,None,4
Lucas,40.0583238,-74.4056612,8
Santa Maria,40.0583238,-74.4056612,2
Maple,39.9526127,-74.9923915,4
Hansbury,40.0583238,-74.4056612,4
Palisades Park,40.8481556,-73.99763899999999,6
Whispering Hills,40.5840874,-74.8793796,1
Jackson Township,40.0918895,-74.35874729999999,1
Jackson,40.0918895,-74.35874729999999,2
Whispering Hill,40.1321788,-74.38135460000001,1
Ocean County,39.9652553,-74.3118212,2
Man Charged,40.0583238,-74.4056612,11
Pizzeria,40.0583238,-74.4056612,8
Lake Hopatcong,40.9328762,-74.6593281,2
Ewing Township,40.2599864,-74.79091249999999,9
Waldwick,41.0106528,-74.1179203,12
Lake Grove,None,None,1
Coram,None,None,1
Leonardi,40.4189424,-74.06190339999999,1
Shanksville,40.0583238,-74.4056612,1
Tucson,40.0583238,-74.4056612,12
Westmoreland County,40.0583238,-74.4056612,12
Bayonne,40.6687141,-74.1143091,6
Lefante Way,40.6650902,-74.1033696,3
NY,None,None,5
Michigan,40.0583238,-74.4056612,5
Awaise Dar,40.0583238,-74.4056612,1
Dearborn,40.0583238,-74.4056612,2
Dearborn Heights,40.0583238,-74.4056612,1
the District of Maryland,40.0583238,-74.4056612,1
Storefront,40.0583238,-74.4056612,3
Ringwood,41.1134289,-74.2454254,4
Wanaque,41.0381525,-74.2940378,5
Route,41.2505145,-74.5728049,5
Heroin Bundles,40.0583238,-74.4056612,2
North Carldwell,40.8648215,-74.2582027,1
Newark Homicide,40.735657,-74.1723667,4
Pequannock,40.960201,-74.2973239,3
Pompton Plains,40.9681661,-74.2958532,3
News12,40.0583238,-74.4056612,7
Passaic County Prosecutor,40.9135854,-74.1704268,31
Rockland county,None,None,11
Kingsland,40.8064893,-74.1109759,1
Leo,40.0583238,-74.4056612,4
Mass.,40.0583238,-74.4056612,4
the Suffolk County District,None,None,4
BERGEN COUNTY,40.9262762,-74.07701,10
Metuchen,40.5431598,-74.3632049,1
Cresskill,40.9414874,-73.9593041,1
Overpeck Creek,40.87639438319958,-73.9888753212897,1
Overpeck Park,40.8643266,-73.9969858,1
Coirazza,40.0583238,-74.4056612,3
Ridgewoo,40.9792645,-74.11653129999999,8
Ridgew,40.9792645,-74.11653129999999,11
Farmingdale,40.1965018,-74.1684757,4
Rollover,40.0583238,-74.4056612,3
Belleville Identified,40.7936744,-74.15004689999999,1
Maximino,40.0583238,-74.4056612,1
Whippany,40.8254055,-74.4022355,22
Repairs,40.0583238,-74.4056612,8
Victim,40.0583238,-74.4056612,4
Horrific Wantage,41.256843,-74.6166192,9
Newton,41.0581527,-74.7526651,11
Smith,40.0583238,-74.4056612,12
Goez,40.0583238,-74.4056612,10
Bribes,40.0583238,-74.4056612,4
The Village of Ridgewood,40.9792645,-74.11653129999999,3
N.J.,40.0583238,-74.4056612,8
New Jersey Girl,40.0583238,-74.4056612,13
"Hackensack, Teaneck",40.8859325,-74.0434736,6
n’t,40.0583238,-74.4056612,3
Bergen County K-9,40.8770495,-74.1474846,1
Manfredonia,40.0583238,-74.4056612,1
Smokey,40.0583238,-74.4056612,2
Diamond,38.9595572,-74.8523914,2
Atlantic City Blvd,39.9217875,-74.1644217,2
San Diego,40.0583238,-74.4056612,1
Warren County Crash,40.8841854,-74.92087719999999,10
Florham Park,40.787878,-74.3882072,13
Nassau County,None,None,6
Lebanon,40.6417683,-74.83599869999999,4
New Milfo,40.0583238,-74.4056612,5
Sussex County St,41.1288481,-74.6868815,3
St. Hubert's,40.7634972,-74.4428111,5
Kerik,40.0583238,-74.4056612,12
North Bergen,40.8042674,-74.012084,2
Chambas,40.0583238,-74.4056612,2
Cuba,None,None,2
the City of Newark,40.735657,-74.1723667,4
Lawrenceville,40.3016375,-74.7361013,6
IHOP,40.0583238,-74.4056612,6
Houlihan,40.0583238,-74.4056612,6
Keyport,40.4331631,-74.1995883,2
A-Hady’s,40.0583238,-74.4056612,2
Carpenito,40.0583238,-74.4056612,2
Riverdale,40.9939865,-74.3034823,16
Forset City,40.0583238,-74.4056612,1
Oak Ridge,41.0463617,-74.48568519999999,6
Jefferson Township,41.0029893,-74.5580454,6
Belmar,40.1784471,-74.02180369999999,1
Crawford,40.6573662,-74.3049856,4
Greenville,40.6984428,-74.0918966,5
JC Kosher,40.7177545,-74.0431435,2
Understand,40.0583238,-74.4056612,2
Daytona Beach,40.0583238,-74.4056612,7
Sarasota,40.0583238,-74.4056612,7
Nutland,40.0583238,-74.4056612,2
Phillipsburg,40.69370989999999,-75.1901761,12
Denville,40.8923212,-74.47737750000002,22
Saint Clare's,40.0583238,-74.4056612,6
Henry,40.0583238,-74.4056612,6
New Morris County Supercenter,40.8336038,-74.54632819999999,2
Johnston,40.0583238,-74.4056612,2
Tommy,40.0583238,-74.4056612,2
VT,40.0583238,-74.4056612,2
M.D.,40.0583238,-74.4056612,2
Lowe,40.0583238,-74.4056612,2
Kelemen,40.0583238,-74.4056612,5
East Hanover,40.8200623,-74.3647247,14
Ramona,40.0583238,-74.4056612,9
Salt,40.0583238,-74.4056612,1
Naples,None,None,2
Rochester,None,None,2
Journalism,40.0583238,-74.4056612,2
Morris County Jail,40.8336038,-74.54632819999999,2
Union,40.6975898,-74.26316349999999,15
Ulster County's,None,None,2
Yelp.1,40.318007,-74.654444,4
Sullivan County,None,None,2
Kauneonga,None,None,2
Tappan,41.010653,-73.99124929999999,5
Yelp,40.0583238,-74.4056612,1
Stripper,40.0583238,-74.4056612,2
US,40.0583238,-74.4056612,22
Sussex County Cliff,41.1288481,-74.6868815,4
East Brunswick,40.4316955,-74.4049778,3
Camden County,39.8592439,-75.0143824,1
Bergen County’s,40.9262762,-74.07701,3
K9,40.0583238,-74.4056612,1
Lakewood,40.08212899999999,-74.2097014,1
Larrarte,40.0583238,-74.4056612,1
Warren County Home,40.8841854,-74.92087719999999,13
Branchburg,40.58681139999999,-74.69858909999999,4
Union County Woman Embezzle,40.6595001,-74.2883536,2
Morris,40.7933833,-74.505312,9
St. Peter’s Prep,40.71566019999999,-74.0396695,2
Randolph,40.8478065,-74.5747248,6
HedgeServ,40.0583238,-74.4056612,6
Jersey City’s,40.7177545,-74.0431435,9
Hannukah,40.0583238,-74.4056612,8
Mendham,40.7870633,-74.57656860000002,4
Cosmo,40.0583238,-74.4056612,6
Denaros,40.9405937,-73.9971625,6
Giovanni,40.0583238,-74.4056612,6
Deli,40.0583238,-74.4056612,17
Popular Jersey,40.7177545,-74.0431435,9
Raritan,40.5695474,-74.6329363,1
Bound Brook,40.56843629999999,-74.53848889999999,1
Maslanczuk,40.0583238,-74.4056612,1
Big Jake's,40.0583238,-74.4056612,8
Bridgewater,40.5939636,-74.6049061,2
Mount Arlington,40.92593189999999,-74.6348828,3
Oneonta,None,None,4
nachos,40.0583238,-74.4056612,1
Cape May County,39.105884,-74.8273184,2
South Jersey,39.3583238,-74.43744099999999,1
Camden,39.9259463,-75.1196199,3
the United States',40.0583238,-74.4056612,1
Spain,40.0583238,-74.4056612,1
Hyde Park,40.0583238,-74.4056612,2
Nikki,40.0583238,-74.4056612,3
Fort Pierce,40.0583238,-74.4056612,2
Fla.,40.0583238,-74.4056612,2
Bergen County Hom,40.9262762,-74.07701,2
N.Y.Gutierrez,None,None,1
Knowlton Township,40.94958279999999,-75.0654258,4
the North Jersey,40.8490381,-73.9701042,4
WASHINGTON,40.7584326,-74.9793378,4
Chevy Malibu,40.0583238,-74.4056612,1
North 8th Street,39.488521,-75.018498,1
Speciale,40.0583238,-74.4056612,1
Mill Street,40.7871673,-74.1651861,1
Union County,40.6595001,-74.2883536,7
Indian Hills,40.0583238,-74.4056612,4
New York Ave,40.7599016,-74.0358421,2
Gotay,40.0583238,-74.4056612,2
ID Jersey City,40.7177545,-74.0431435,1
San Gabriel,40.0583238,-74.4056612,3
Warminster,40.0583238,-74.4056612,3
Quincy,40.0583238,-74.4056612,3
South Richmond,40.0583238,-74.4056612,2
Jersey City Slaying,40.7177545,-74.0431435,2
Westfield,40.6589912,-74.3473717,5
Accomplice,40.0583238,-74.4056612,3
Columbia,40.9256446,-75.0931123,2
Palisade,40.8481556,-73.99763899999999,2
Navas,40.0583238,-74.4056612,1
Bickford,40.0583238,-74.4056612,1
Cavas,40.0583238,-74.4056612,1
Urgiles,40.0583238,-74.4056612,1
Midland Park PD,40.9902297,-74.1407467,1
Demarest PD,40.95610509999999,-73.9642502,1
Wyckoff PD,41.0095316,-74.1729106,1
Park Ridge PD,41.034197,-74.0395794,1
Closter PD,40.9713692,-73.9592436,1
Hillsdale PD,41.0029456,-74.03943540000002,1
Elmwood Park PD,40.9039878,-74.118476,1
Russia,41.040653,-74.53265809999999,5
Israel,40.0583238,-74.4056612,9
Moscow,40.0583238,-74.4056612,8
Tel Aviv,40.0583238,-74.4056612,5
New Scam,40.0583238,-74.4056612,2
the Jersey City Fire Department,40.7177545,-74.0431435,2
Glen Ridge,40.805378,-74.20375659999999,1
Ithaca,None,None,1
Morganville,40.3280786,-74.2873035,1
Oxycodone,40.0583238,-74.4056612,1
South Jersey Sho,39.9652553,-74.3118212,1
Sanabria,40.0583238,-74.4056612,1
Weston,40.5351035,-74.5907125,1
Guns,40.0583238,-74.4056612,2
Harriman Mo,40.8514881,-74.73294109999999,1
Warren County's,40.8841854,-74.92087719999999,2
Wharton,40.8931546,-74.5818254,2
Mercer County,40.3028533,-74.7337069,2
Passaic County Native's,41.1231647,-74.35874729999999,4
North Jersey Homeless,41.1251249,-74.57904719999999,1
Medina,None,None,1
Morales-Pedraza,40.0583238,-74.4056612,2
Lucas County,40.0583238,-74.4056612,1
Lake Township,40.0807404,-74.2061931,1
Jersey Cash,40.0583238,-74.4056612,1
Spotswood,40.391774,-74.3984834,1
Rockleigh,41.0003754,-73.930414,3
Morris County NOT,40.8336038,-74.54632819999999,3
Mountain Lanes,40.8868788,-74.6903545,1
GWB,40.8516964,-73.9527159,1
Essex County Jail,40.7444797,-74.1822631,1
West Point,None,None,2
Clifton Park,None,None,1
Montclair,40.8259007,-74.2090053,1
Princeton,40.3572976,-74.6672226,1
Brussels,40.0583238,-74.4056612,1
Auckland,41.0131529,-74.26431430000001,2
East Hanover Township,40.8200623,-74.3647247,3
Jers,40.7177545,-74.0431435,1
Chatham,40.740934,-74.3837624,3
Preston County,40.0583238,-74.4056612,2
West Virginia,40.0583238,-74.4056612,1
Woodcliff Lake,41.0234304,-74.06652969999999,2
Central Jersey,40.5409461,-74.30875499999999,2
Flemington,40.5123258,-74.85933179999999,1
New Jersey Debut,39.9652553,-74.3118212,1
Lincoln Park,40.9242652,-74.3020933,10
BJ,40.0583238,-74.4056612,5
Fatal Jersey City Shooting,40.7177545,-74.0431435,2
Island Heights,39.9420626,-74.1498616,1
Atlantic City,39.3642834,-74.4229266,1
Jumper,40.0583238,-74.4056612,2
To Jersey City,40.7177545,-74.0431435,1
Wood-Ridge,40.8456555,-74.0879195,3
Meadowlan,40.8165026,-74.03867869999999,1
Latina,40.6648184,-74.2132981,2
Fort Lee UPDATE,40.8509333,-73.9701381,1
Piscataway,40.554887,-74.4642861,1
Germany,40.0583238,-74.4056612,6
Peekskill,None,None,3
Julia,40.0583238,-74.4056612,3
Ruby,None,None,3
Budd Lake,40.8712101,-74.7340523,2
Wolfe Road,40.601694,-75.037285,1
Bloomfield Ave,40.8286931,-74.2405979,3
Mansfield Township,40.0799767,-74.7183641,2
Hopatcong,40.9328762,-74.6593281,3
North Woodland,39.8537339,-74.5228916,1
Palm Beach County,40.0583238,-74.4056612,1
Zengel,40.0676202,-74.2690475,2
Hanover,40.8257746,-74.41738769999999,1
Houston,None,None,1
Brick Township,40.0578384,-74.1371832,2
Brillhimer,40.0583238,-74.4056612,1
Town,39.7904391,-74.2176448,2
Clark,40.6278031,-74.3127631,3
afadavit,40.0583238,-74.4056612,1
Freeport,None,None,1
Tuckerton,39.603174,-74.34014499999999,1
Suffolk,None,None,2
Nassau county,None,None,1
Berdan Park,40.9357103,-74.1111494,2
mimosas,40.0583238,-74.4056612,1
baba ganoush,40.0583238,-74.4056612,1
South Ave,40.5799356,-74.4784299,1
North Union Ave,40.6611016,-74.2996197,1
Essex county,40.7947466,-74.2648829,4
Brancheville,41.1464852,-74.7523874,2
St. Joe’s,40.5532976,-74.37224669999999,4
Copacabana,40.0583238,-74.4056612,1
Amnesia,40.0583238,-74.4056612,1
Australia,40.0583238,-74.4056612,1
Durham,40.7848232,-74.032918,1
State,40.0583238,-74.4056612,1
Kenosha,40.0583238,-74.4056612,1
Sofia,40.8941367,-73.9725857,1
New Milford PD,40.9350986,-74.0190281,1
Amber Sabathia's,40.0583238,-74.4056612,1
St. Barnabas,40.0583238,-74.4056612,1
Bergen County Restaurant Openings Welcome,40.9262762,-74.07701,1
Herman Street,40.4483375,-74.3736072,1
Terruli,40.0583238,-74.4056612,1
Quantico,40.0583238,-74.4056612,2
the Dominican Republic,40.0583238,-74.4056612,1
Long Island,None,None,3
Surgeries,40.0583238,-74.4056612,2
Shotgun,40.0583238,-74.4056612,1
Hillside,40.6955044,-74.2287333,1
Washington Heights,40.4551057,-74.409595,1
mozzarella,40.0583238,-74.4056612,1
Boonton,40.904019,-74.4087405,2
Loxley,40.0583238,-74.4056612,1
Cocoa,40.0583238,-74.4056612,1
Township Jersey City,40.7177545,-74.0431435,1
Horrific Wantage Crash,41.256843,-74.6166192,1
Trattoria,40.0583238,-74.4056612,2
Lacey Township,39.8726184,-74.2951444,2
Haledon,40.935654,-74.186256,1
Vermont,40.0583238,-74.4056612,1
Hicksville,None,None,2
Lawn Park,40.262387,-74.745269,1
Westchester,None,None,1
Nassau,40.3523181,-74.6509184,1
Fairfield County,40.8837406,-74.3059959,1
"Essex, Union",40.7301204,-74.3491265,1
recent beach,40.0583238,-74.4056612,1
Seaside Heights,39.944285,-74.0729139,1
Fremont,40.2136754,-74.3000878,1
Washington Township PD,40.9872846,-74.06419679999999,1
Skyline Drive,41.0574142,-74.2523078,2
Surf City,39.6620638,-74.16513770000002,3
Long Beach Island,39.641727,-74.1885825,2
Cold Blood,40.0583238,-74.4056612,1
