GPE,Count,Latitude,Longitude,group_ID
Blnqerlnll,1,-43.5448377,172.6405845,0
Hobart,2,-42.8826055,147.3257196,1
Tasmania,3,-42.0409059,146.8087322,2
Tasmania,3,-42.0409059,146.8087322,2
Tasmania,3,-42.0409059,146.8087322,2
Te Mania,2,-41.3324394,173.1606394,3
Picton,1,-41.2954812,174.0028153,4
Nz)·Spect,1,-40.900557,174.885971,5
New Zealand,9,-40.900557,174.885971,5
New Zealand,9,-40.900557,174.885971,5
New Zealand,9,-40.900557,174.885971,5
Wonthaggi,1,-38.6060046,145.5910694,6
Griffilhs Island,1,-38.3920823,142.2469658,7
Lava Street,2,-38.3817814,142.4849584,8
Port Pairy,1,-38.3806327,142.2294039,9
South West Heatthcare,1,-38.3801373,142.473434,10
South West Healthcare,1,-38.3801373,142.473434,10
North Warrnambool Ea­,1,-38.3720954,142.4777782,11
Worrnombool Tel,1,-38.3720954,142.4777782,11
Central Warrnambool,1,-38.3720954,142.4777782,11
South Warrnambool,33,-38.3720954,142.4777782,11
South Warrnambool,33,-38.3720954,142.4777782,11
South Warrnambool,33,-38.3720954,142.4777782,11
South Warrnambool,33,-38.3720954,142.4777782,11
South Warrnambool,33,-38.3720954,142.4777782,11
South Warrnambool,33,-38.3720954,142.4777782,11
South Warrnambool,33,-38.3720954,142.4777782,11
South Warrnambool,33,-38.3720954,142.4777782,11
Warmambool,11,-38.3720954,142.4777782,11
Warmambool,11,-38.3720954,142.4777782,11
Warmambool,11,-38.3720954,142.4777782,11
Warrnambool,138,-38.3720954,142.4777782,11
Warrnambool,138,-38.3720954,142.4777782,11
Warrnambool,138,-38.3720954,142.4777782,11
Warrnambool,138,-38.3720954,142.4777782,11
Warrnambool,138,-38.3720954,142.4777782,11
Warmambool South-,1,-38.3720954,142.4777782,11
Hotel Warrnambool,1,-38.3720954,142.4777782,11
North Warrnambool,12,-38.3720954,142.4777782,11
North Warrnambool,12,-38.3720954,142.4777782,11
North Warrnambool,12,-38.3720954,142.4777782,11
New Warrnambool,1,-38.3720954,142.4777782,11
South Warmambool,2,-38.3720954,142.4777782,11
North Warrnam­,1,-38.3720954,142.4777782,11
North Warrnamllool Eagin,1,-38.3720954,142.4777782,11
Nonh Warrnambool,1,-38.3720954,142.4777782,11
East Warrnambool,1,-38.3720954,142.4777782,11
South Wbool,2,-38.3720954,142.4777782,11
North Warmambool,3,-38.3720954,142.4777782,11
Reet Warrnambool,1,-38.3720954,142.4777782,11
North Warrnambool Eaglesl,1,-38.3720954,142.4777782,11
Warrnambocl,1,-38.3720954,142.4777782,11
Warrnambool City Council,1,-38.3686779,142.4982086,12
Bushfield,2,-38.3250935,142.5055545,13
Pomborneit,1,-38.2967124,143.2990793,14
Koroit,32,-38.2921758,142.3673185,15
Koroit,32,-38.2921758,142.3673185,15
Koroit,32,-38.2921758,142.3673185,15
Koroit,32,-38.2921758,142.3673185,15
Koroit,32,-38.2921758,142.3673185,15
Grassmere,1,-38.2582366,142.5410767,16
Narrawong,1,-38.2533641,141.7088602,17
Terang Mortlake 9,1,-38.2404416,142.9108851,18
Terang Mortlake Team­,1,-38.2404416,142.9108851,18
Terang,11,-38.2404416,142.9108851,18
Terang,11,-38.2404416,142.9108851,18
Terang,11,-38.2404416,142.9108851,18
Terang,11,-38.2404416,142.9108851,18
Terang,11,-38.2404416,142.9108851,18
Mornlngton,1,-38.22882,145.0600448,19
Mornington,1,-38.22882,145.0600448,19
Tyrendorra,1,-38.2184418,141.780982,20
The Mount Noorat,1,-38.1911136,142.9294969,21
Bessiebelle Park,1,-38.1542234,141.9569039,22
Geelong,16,-38.1492994,144.3598426,23
Geelong,16,-38.1492994,144.3598426,23
Geelong,16,-38.1492994,144.3598426,23
Geelong,16,-38.1492994,144.3598426,23
Geelong,16,-38.1492994,144.3598426,23
"Fremantie, Geelong",1,-38.1492994,144.3598426,23
Corangamite Shire,1,-38.1491105,143.1319209,24
Kolora,2,-38.1380254,142.9259307,25
Cranboume,1,-38.1054204,145.2818338,26
Pakenham,1,-38.0776708,145.4818724,27
Dandenong,1,-37.9847811,145.2139907,28
Caramut,1,-37.9590175,142.5189691,29
Beach Oval,1,-37.9455911,145.0007827,30
Branxholme,3,-37.8614896,141.8015613,31
Toorak,2,-37.8416751,145.0138468,32
South Melbourne,1,-37.83434430000001,144.9559035,33
Melbourne,51,-37.8136276,144.9630576,34
Melbourne,51,-37.8136276,144.9630576,34
Melbourne,51,-37.8136276,144.9630576,34
Melbourne,51,-37.8136276,144.9630576,34
Melbourne,51,-37.8136276,144.9630576,34
Melbourne,51,-37.8136276,144.9630576,34
Melbourne,51,-37.8136276,144.9630576,34
Melbourne,51,-37.8136276,144.9630576,34
Melbourne,51,-37.8136276,144.9630576,34
Northmelbourne,1,-37.8008004,144.9485049,35
Maribymong,1,-37.7837482,144.8908713,36
Maribyrnong,1,-37.7837482,144.8908713,36
Parkville,1,-37.7787036,144.9426083,37
Banyule,2,-37.7314254,145.082419,38
South West Victona,1,-37.6975835,142.4039296,39
Glentoompson,1,-37.63677759999999,142.5477626,40
Glenthompson,1,-37.63677759999999,142.5477626,40
Gippsland,1,-37.5831982,147.4627259,41
Ballarat,12,-37.5621587,143.8502556,42
Ballarat,12,-37.5621587,143.8502556,42
Ballarat,12,-37.5621587,143.8502556,42
Ballarat,12,-37.5621587,143.8502556,42
Ballarat,12,-37.5621587,143.8502556,42
Ballarat Orgeelong,1,-37.5621587,143.8502556,42
Lake Wendouree,1,-37.5528276,143.8332407,43
Kooongwootong,1,-37.4798193,141.6394694,44
Pigeon Ponds,1,-37.2979115,141.6709392,45
Kyneton,1,-37.2490932,144.4532075,46
Solllliern Grampians,1,-37.2108819,142.3979571,47
Brambuk,1,-37.1579303,142.5302372,48
Redesdale,1,-37.0033555,144.5011709,49
Victoria,22,-36.9847807,143.3906074,50
Victoria,22,-36.9847807,143.3906074,50
Victoria,22,-36.9847807,143.3906074,50
Victoria,22,-36.9847807,143.3906074,50
Victoria,22,-36.9847807,143.3906074,50
Naracoorte,2,-36.9569884,140.7417779,51
Panmure,8,-36.9011809,174.8570732,52
Panmure,8,-36.9011809,174.8570732,52
Panmure,8,-36.9011809,174.8570732,52
Ellerslie,1,-36.8996982,174.8161917,53
Bendigo,4,-36.75961960000001,144.2785764,54
Bendigo,4,-36.75961960000001,144.2785764,54
Tatura,1,-36.4400613,145.2260066,55
Russells Creek,4,-36.34171507511021,149.7011392578551,56
Russells Creek,4,-36.34171507511021,149.7011392578551,56
Russells Creek,4,-36.34171507511021,149.7011392578551,56
Cooma,1,-36.2345567,149.1270444,57
Albury,3,-36.0751193,146.9094852,58
Albury,3,-36.0751193,146.9094852,58
Yarrawonga,1,-36.0260723,146.0003241,59
Kangaroo Island,1,-35.7752426,137.2142417,60
Canberra,8,-35.2809368,149.1300092,61
Canberra,8,-35.2809368,149.1300092,61
Canberra,8,-35.2809368,149.1300092,61
Bewong,1,-35.0853273,150.5337437,62
Shoalhaven,1,-35.0810677,150.4892292,63
Scott Creek,1,-35.0565609,138.7080325,64
Adelaide,8,-34.9284989,138.6007456,65
Adelaide,8,-34.9284989,138.6007456,65
Adelaide,8,-34.9284989,138.6007456,65
Adelaide,8,-34.9284989,138.6007456,65
Adelaide Hills,1,-34.9062557,138.8397403,66
The Adelaide Hills,1,-34.9062557,138.8397403,66
Port Adelaide,3,-34.8442994,138.505369,67
Port Adelaide,3,-34.8442994,138.505369,67
Port Adelaide,3,-34.8442994,138.505369,67
Berryt,1,-34.7757734,150.6988896,68
Berry,1,-34.7757734,150.6988896,68
Goulburn,1,-34.7567489,149.713629,69
Wooonoa,1,-34.3423802,150.9052832,70
Mildura,5,-34.2068859,142.1366852,71
Mildura,5,-34.2068859,142.1366852,71
Wayalong,1,-33.9223568,147.2026202,72
Camperdown,9,-33.88622429999999,151.1791091,73
Camperdown,9,-33.88622429999999,151.1791091,73
Camperdown,9,-33.88622429999999,151.1791091,73
Sydney,26,-33.8688197,151.2092955,74
Sydney,26,-33.8688197,151.2092955,74
Sydney,26,-33.8688197,151.2092955,74
Sydney,26,-33.8688197,151.2092955,74
Sydney,26,-33.8688197,151.2092955,74
Sydney,26,-33.8688197,151.2092955,74
Sydney,26,-33.8688197,151.2092955,74
Sydney,26,-33.8688197,151.2092955,74
Sydney,26,-33.8688197,151.2092955,74
Sydney,26,-33.8688197,151.2092955,74
Clare Valley,1,-33.8335699,138.61,75
Rosehill,1,-33.8239653,151.0212029,76
Manly Beach,1,-33.7931501,151.2876488,77
Terrey,1,-33.6832036,151.2254937,78
Wyong},1,-33.2843475,151.4249427,79
Shortland,2,-32.8797702,151.6937761,80
Fremantle,3,-32.0517901,115.755096,81
Fremantle,3,-32.0517901,115.755096,81
Broken Hill,1,-31.9595859,141.4608138,82
Perth,9,-31.9523123,115.861309,83
Perth,9,-31.9523123,115.861309,83
Perth,9,-31.9523123,115.861309,83
Subiaco,1,-31.9470195,115.8240278,84
Howe Island,3,-31.5553263,159.0821211,85
New South Wales,1,-31.2532183,146.921099,86
Nsw,12,-31.2532183,146.921099,86
Nsw,12,-31.2532183,146.921099,86
Nsw,12,-31.2532183,146.921099,86
Nsw,12,-31.2532183,146.921099,86
South Australia,4,-30.0002315,136.2091547,87
Victoria Point,1,-27.5879419,153.303966,88
Gabba,1,-27.4858376,153.0380853,89
Brisbane,10,-27.4704528,153.0260341,90
Brisbane,10,-27.4704528,153.0260341,90
Brisbane,10,-27.4704528,153.0260341,90
Brisbane,10,-27.4704528,153.0260341,90
Brisbane,10,-27.4704528,153.0260341,90
Victoria Park,3,-27.4553219,153.0247254,91
Victoria Park,3,-27.4553219,153.0247254,91
Sunreef Mooloolaba,1,-26.6835329,153.122156,92
Mooloolaba,4,-26.6818215,153.11903,93
Mooloolaba Beach Is,1,-26.6809437,153.121665,94
Mooloolaba Beach,1,-26.6809437,153.121665,94
Woombye,1,-26.6605212,152.9649067,95
Maroochydore Beach,1,-26.65447,153.1036287,96
Noosa,1,-26.3645433,152.9676695,97
Rainbow Beach,1,-25.9045007,153.0897222,98
Maryborough,1,-25.5384947,152.7034191,99
Australia.8.30,1,-25.274398,133.775136,100
Australia,100,-25.274398,133.775136,100
Australia,100,-25.274398,133.775136,100
Australia,100,-25.274398,133.775136,100
Australia,100,-25.274398,133.775136,100
Australia,100,-25.274398,133.775136,100
Au Tralian,1,-25.274398,133.775136,100
Hunters Australia,1,-25.274398,133.775136,100
Austraiia,1,-25.274398,133.775136,100
Queensland,10,-22.575197,144.0847926,101
Queensland,10,-22.575197,144.0847926,101
Suva,1,-18.1405049,178.4232507,102
Cairns,5,-16.9203476,145.7709529,103
Parap,1,-12.4322152,130.8433184,104
Nhulunbuy,1,-12.1835392,136.7860989,105
Ataili,1,-8.505541299999999,123.452367,106
Bali,7,-8.4095178,115.188916,107
Bali,7,-8.4095178,115.188916,107
Bali,7,-8.4095178,115.188916,107
Bali,7,-8.4095178,115.188916,107
Raung 58,1,-8.1258333,114.0458333,108
Lae,1,-6.7155252,146.999905,109
Papua New Guinea,1,-6.314992999999999,143.95555,110
Torokina,1,-6.2448035,155.0419034,111
Bougainville,1,-6.053602,155.1907309,112
New Guinea,1,-5.0122202,141.3470159,113
Indonesia,1,-0.789275,113.921327,114
Singapore,4,1.352083,103.819836,115
Singapore,4,1.352083,103.819836,115
Bitung,1,1.4403744,125.1216524,116
L. Jersey,1,1.5252662,103.6610018,117
Colombia,2,4.570868,-74.297333,118
Lagos,3,6.5243793,3.3792057,119
Lagos,3,6.5243793,3.3792057,119
Panama,2,8.537981,-80.782127,120
Panama,2,8.537981,-80.782127,120
Costa Rica,1,9.748917,-83.753428,121
Puntarenas,2,9.9778439,-84.82942109999999,122
Cartagena,3,10.3932277,-75.4832311,123
San Juan Del Sur,2,11.263406,-85.8639766,124
Thmgs 1Hat,1,11.3377142,77.71826940000001,125
Nha Trang,1,12.2529152,109.1899018,126
Sudan,4,12.862807,30.217636,127
Nicaragua,1,12.865416,-85.207229,128
Philippines,1,12.879721,121.774017,129
Los Angeles.(Pg,3,12.9088834,74.9938573,130
Los Angeles.(Pg,3,12.9088834,74.9938573,130
Los Angeles.(Pg,3,12.9088834,74.9938573,130
Khartoum,4,15.5006544,32.5598994,131
Huatulco,2,15.8340071,-96.3199488,132
Mali,1,17.570692,-3.996166,133
Puerto,1,18.220833,-66.590149,134
Virgin Islands,1,18.3333333,-64.75,135
Us Virgin Islands,3,18.335765,-64.896335,136
Tht Dominican,1,18.735693,-70.162651,137
Mumbai,2,19.0759837,72.8776559,138
Mumbai,2,19.0759837,72.8776559,138
Hawaii Flve-0,1,19.8986819,-155.6658568,139
India,7,20.593684,78.96288,140
India,7,20.593684,78.96288,140
India,7,20.593684,78.96288,140
Puerto Vallarta,2,20.653407,-105.2253316,141
Cun,1,21.0417033,-86.8740062,142
Cuba,1,21.521757,-77.781167,143
Thei.R,1,22.269919,114.240714,144
Hong Kong,5,22.3193039,114.1693611,145
Hong Kong,5,22.3193039,114.1693611,145
Differenl,1,23.1261837,113.2471997,146
Mexico,2,23.634501,-102.552784,147
Bangladesh,1,23.684994,90.356331,148
Dhaka,2,23.804093,90.4152376,149
Onelor,2,25.3764721,55.5128061,150
Miami,1,25.7616798,-80.1917902,151
Logans Beach,1,26.0134498,-80.11567749999999,152
Fll,1,26.1224386,-80.13731740000001,153
Fort Lauderdale,1,26.1224386,-80.13731740000001,153
Palm Beach,1,26.7056206,-80.0364297,154
Egypt,6,26.820553,30.802498,155
Egypt,6,26.820553,30.802498,155
Egypt,6,26.820553,30.802498,155
Egypt,6,26.820553,30.802498,155
Jaipur,3,26.9124336,75.7872709,156
Jaipur,3,26.9124336,75.7872709,156
Agra,1,27.1766701,78.00807449999999,157
Bhutan,1,27.514162,90.433601,158
District Fl,1,27.6648274,-81.5157535,159
The Palm Springs,1,28.4472647,77.1007152,160
Mool­,1,28.4976638,77.085563,161
Territo­,1,28.5627386,-81.5565432,162
Golden Triangle Delhi,1,28.65032219999999,77.200356,163
Choclyn,1,28.6942427,77.1290788,164
Edlhnlew1De,1,28.7040592,77.10249019999999,165
Delhi,2,28.7040592,77.10249019999999,165
Sonora,1,29.2972247,-110.3308814,166
Houston,2,29.7604267,-95.3698028,167
Houston,2,29.7604267,-95.3698028,167
New Orlean,1,29.95106579999999,-90.0715323,168
New Orleans,3,29.95106579999999,-90.0715323,168
New Orleans,3,29.95106579999999,-90.0715323,168
New Orleans,3,29.95106579999999,-90.0715323,168
New Ega,2,30.0505753,31.245891,169
New Ega,2,30.0505753,31.245891,169
Panama City,2,30.1588129,-85.6602058,170
Pakistan,1,30.375321,69.34511599999999,171
Israel,1,31.046051,34.851612,172
Wanong,1,31.06993,95.90786,173
Motza,1,31.794407,35.168509,174
Lieelong,1,31.89982,99.79437,175
West Bank,3,31.9465703,35.3027226,176
North­,1,32.325113,-110.9283994,177
Mississippi,1,32.3546679,-89.3985283,178
Jenin,1,32.4646353,35.2938591,179
Jo Drive,1,32.6291368,-96.8626703,180
San Diego,1,32.715738,-117.1610838,181
Sa.So,1,32.7482643,-97.0463333,182
Llrving,1,32.8140177,-96.9488945,183
Jfranklin,1,32.8705226,-83.6608622,184
Wl!Ltok«L!Llhll­,1,33.09671,-89.077203,185
Phoenix,1,33.4483771,-112.0740373,186
Tltis,1,33.5708827,-7.677872499999999,187
Orange County,1,33.7174708,-117.8311428,188
Indio,1,33.7205771,-116.2155619,189
Palm Desert,1,33.7210509,-116.3760455,190
Rancho Mirage,1,33.739744,-116.41279,191
Palm Springs City Hall,1,33.824045,-116.5114939,192
Palm Spring,1,33.8302961,-116.5452921,193
"Palm Prings).""Everybody",1,33.8302961,-116.5452921,193
Palm Springs,20,33.8302961,-116.5452921,193
Palm Springs,20,33.8302961,-116.5452921,193
Palm Springs',2,33.8302961,-116.5452921,193
Sc,2,33.836081,-81.1637245,194
Sc,2,33.836081,-81.1637245,194
Wtll!W\,1,33.8514737,-118.3704803,195
Wfll,1,33.8617448,-117.9424723,196
Brookwood,1,33.8836398,-84.0400713,197
Afghanistan,2,33.93911,67.709953,198
Malibu,1,34.0380585,-118.6923438,199
La,3,34.0522342,-118.2436849,200
La,3,34.0522342,-118.2436849,200
Los Angeles,8,34.0522342,-118.2436849,200
Los Angeles,8,34.0522342,-118.2436849,200
Los Angeles,8,34.0522342,-118.2436849,200
Los Angeles,8,34.0522342,-118.2436849,200
Hollywood,3,34.0928092,-118.3286614,201
Tupelo Beach,1,34.2576066,-88.7033859,202
Hiroshima,1,34.3852894,132.4553055,203
Syria,2,34.80207499999999,38.996815,204
Arkansaw,1,35.20105,-91.8318334,205
Charlotte,1,35.2270869,-80.8431267,206
Ne-Nc,1,35.4576707,-76.06324219999999,207
Tenn,1,35.5174913,-86.5804473,208
Tokyo,8,35.6761919,139.6503106,209
Tokyo,8,35.6761919,139.6503106,209
Pleasant Park,6,35.7020037,-78.88552279999999,210
Nmccartney,1,35.7468733,-90.6889088,211
Nc,5,35.7595731,-79.01929969999999,212
Nc,5,35.7595731,-79.01929969999999,212
Nc,5,35.7595731,-79.01929969999999,212
Nc,5,35.7595731,-79.01929969999999,212
China,6,35.86166,104.195397,213
China,6,35.86166,104.195397,213
China,6,35.86166,104.195397,213
China,6,35.86166,104.195397,213
Vegas,1,36.171563,-115.1391009,214
Las!,1,36.171563,-115.1391009,214
Las Vegas,1,36.171563,-115.1391009,214
Japan,3,36.204824,138.252924,215
Japan,3,36.204824,138.252924,215
Japan,3,36.204824,138.252924,215
Homele,1,36.2059425,43.9845763,216
Winocka,1,36.5822557,-98.8798145,217
Ca,1,36.778261,-119.4179324,218
California,1,36.778261,-119.4179324,218
Norfolk,5,36.8507689,-76.28587259999999,219
Ne• Tum,1,36.8924433,15.0651945,220
East Beach,1,36.9275731,-76.1852736,221
Syracusan,1,37.0754739,15.2865861,222
Usa,2,37.09024,-95.712891,223
Usa,2,37.09024,-95.712891,223
America,9,37.09024,-95.712891,223
America,9,37.09024,-95.712891,223
America,9,37.09024,-95.712891,223
America,9,37.09024,-95.712891,223
Us,17,37.09024,-95.712891,223
Us,17,37.09024,-95.712891,223
Us,17,37.09024,-95.712891,223
The United States,1,37.09024,-95.712891,223
N.Murphy,1,37.20856089999999,-93.2941665,224
Catania,2,37.5078772,15.0830304,225
Richmond,24,37.5407246,-77.4360481,226
Richmond,24,37.5407246,-77.4360481,226
Richmond,24,37.5407246,-77.4360481,226
Richmond,24,37.5407246,-77.4360481,226
Richmond,24,37.5407246,-77.4360481,226
Seoul,1,37.5518911,126.9917937,227
San Francisco,2,37.7749295,-122.4194155,228
San Francisco,2,37.7749295,-122.4194155,228
Dreambound,1,37.7813333,-122.4024254,229
Kentucky,1,37.8393332,-84.2700179,230
Momlngton Mo,1,37.9642529,-91.8318334,231
Acros,1,38.0186856,-87.52110800000001,232
Navato,1,38.1074198,-122.5697032,233
Sonoma,1,38.291859,-122.4580356,234
S.Iicramenlo,1,38.5815719,-121.4943996,235
St Louis',1,38.6270025,-90.1994042,236
Pgav,2,38.6273496,-90.1887947,237
45616 Layishthinkerw(L,1,38.8199214,-83.357567,238
T.Ste,1,38.867344,-77.01340499999999,239
Washington Dc,1,38.9071923,-77.0368707,240
Washington,1,38.9071923,-77.0368707,240
Delaware,1,38.9108325,-75.52766989999999,241
Turkey,1,38.963745,35.243322,242
Kansas,1,39.011902,-98.4842465,243
Lurn,1,39.1159478,-77.1820999,244
Jlor,1,39.3221779,-74.514657,245
Mpowerlnc,1,39.3796942,-77.41050729999999,246
Estadiomestallalh(8)_Cjw,1,39.47466,-0.3585882,247
Lvwalkenhorst,1,39.6806411,-119.704811,248
South Warmam­,1,39.7253287,-86.2052066,249
Old City,1,39.9500455,-75.1438117,250
Nj,1,40.0583238,-74.4056612,251
Lecce,1,40.3515155,18.1750161,252
Anchorage Beach,1,40.3673046,-73.9735742,253
Previ­,2,40.4297782,-111.8943629,254
Spain,7,40.46366700000001,-3.74922,255
Spain,7,40.46366700000001,-3.74922,255
Flemington,6,40.5123258,-74.85933179999999,256
Flemington,6,40.5123258,-74.85933179999999,256
Flemington,6,40.5123258,-74.85933179999999,256
Indiana,1,40.5512165,-85.60236429999999,257
Brooklyn,3,40.6781784,-73.9441579,258
Brooklyn,3,40.6781784,-73.9441579,258
K.Colhm,1,40.6962581,-73.3224896,259
New York,3,40.7127753,-74.0059728,260
New York,3,40.7127753,-74.0059728,260
Queens­,2,40.7282239,-73.7948516,261
Queens­,2,40.7282239,-73.7948516,261
Queens,9,40.7282239,-73.7948516,261
Queens,9,40.7282239,-73.7948516,261
Queens,9,40.7282239,-73.7948516,261
Queens,9,40.7282239,-73.7948516,261
Manhattan,2,40.7830603,-73.9712488,262
Manhattan,2,40.7830603,-73.9712488,262
Puglia,2,40.7928393,17.1011931,263
Montville,1,40.9148209,-74.383763,264
Bari,1,41.1171432,16.8718715,265
Pa,1,41.2033216,-77.1945247,266
Mt!Scamnto,1,41.408969,-75.66241219999999,267
Submer,1,41.480705,2.0239284,268
Davenport,1,41.5236437,-90.5776367,269
St Kilda,1,41.573812,-93.7085556,270
Ri,3,41.5800945,-71.4774291,271
Ri,3,41.5800945,-71.4774291,271
Connecticut,1,41.6032207,-73.087749,272
Crescent City,1,41.7557501,-124.2025913,273
Ptav,1,41.7576994,-71.4320505,274
Providence,1,41.8239891,-71.4128343,275
I.Sa,1,41.8500231,-87.9424422,276
North Dighton,1,41.8644591,-71.13003379999999,277
Italy,8,41.87194,12.56738,278
Italy,8,41.87194,12.56738,278
Saint Minerva,1,41.8979888,12.4780226,279
Rome,4,41.9027835,12.4963655,280
Rome,4,41.9027835,12.4963655,280
Rome,4,41.9027835,12.4963655,280
Pl!Dto,1,41.9120866,3.1675342,281
Aghl,1,42.2785217,-88.9787934,282
Jamecca Plains,1,42.3132414,-71.1141118,283
Georgia,5,42.315407,43.35689199999999,284
Georgia,5,42.315407,43.35689199999999,284
Bu Incs,1,42.3504997,-71.1053991,285
Tower Hill,1,42.360568,-71.72748849999999,286
Htl'M'.9)Ma',1,42.4072107,-71.3824374,287
Malden,1,42.4250964,-71.066163,288
Malden Sw,11,42.4250964,-71.066163,288
Malden Sw,11,42.4250964,-71.066163,288
Bools,1,42.4408344,-76.49535949999999,289
Salem,4,42.5197473,-70.8954626,290
Albany,2,42.6525793,-73.7562317,291
Westmere,1,42.6911891,-73.8687343,292
Againsl,1,42.7792672,-1.6412543,293
Meua,1,43.08350679999999,-76.0629519,294
Baynes,1,43.48788,-84.095123,295
Mghl,1,43.6283242,-79.6491391,296
Solu­,1,43.6504333,-88.1080162,297
Heywood-Portland,1,43.662849,-70.275536,298
Nice,1,43.7101728,7.261953200000001,299
Nic:Es,1,43.7101728,7.261953200000001,299
Florence,2,43.7695604,11.2558136,300
Florence,2,43.7695604,11.2558136,300
F'-Mee\Joom5Eytnotlf2'Fo+Hq)C58.Lsdu6Jmay Mi,1,44.3148443,-85.60236429999999,301
Heavyground,1,44.4007535,12.2043152,302
Collingwood,2,44.50076869999999,-80.2169047,303
Collingwood,2,44.50076869999999,-80.2169047,303
Oak Island,2,44.5122805,-64.2949465,304
Bordeaux,1,44.837789,-0.57918,305
Ottawa,2,45.4215296,-75.69719309999999,306
Ottawa,2,45.4215296,-75.69719309999999,306
Pineview,1,45.4239279,-75.605533,307
Venice,4,45.4408474,12.3155151,308
Venice,4,45.4408474,12.3155151,308
Piazza Duomo,1,45.4641941,9.189698,309
Portland,48,45.515232,-122.6783853,310
Portland,48,45.515232,-122.6783853,310
Portland,48,45.515232,-122.6783853,310
Portland,48,45.515232,-122.6783853,310
Portland,48,45.515232,-122.6783853,310
Portland,48,45.515232,-122.6783853,310
Lyon,5,45.764043,4.835659,311
Lyon,5,45.764043,4.835659,311
Butte,1,46.0038232,-112.5347776,312
France,2,46.227638,2.213749,313
Soll(S,1,46.3598939,11.241014,314
St George Ban.K,1,46.5649601,21.7272883,315
Mals+L,1,46.6863988,10.5514095,316
Quebec,1,46.8130816,-71.20745959999999,317
Saint Martins,1,47.0407318,-122.8154094,318
Thal.,1,47.078596,15.3552061,319
Hungary,1,47.162494,19.503304,320
"Jlmmys E.,Broadway",1,47.6114238,-122.3205578,321
Bjue,1,47.80930009999999,9.2511273,322
Zaporizhzhia,3,47.8388,35.139567,323
Orleans,2,47.902964,1.909251,324
Orleans,2,47.902964,1.909251,324
Kazakh,1,48.019573,66.923684,325
Marysville,1,48.0517637,-122.1770818,326
Tum,2,48.14900799999999,11.5674039,327
Vienna,2,48.2081743,16.3738189,328
Vienna,2,48.2081743,16.3738189,328
Ukraine,6,48.379433,31.16558,329
Ukraine,6,48.379433,31.16558,329
West Victoria,2,48.433684,-123.38718,330
West Victoria,2,48.433684,-123.38718,330
Haintz,1,48.69591519999999,10.054238,331
Paris,14,48.856614,2.3522219,332
Paris,14,48.856614,2.3522219,332
Paris,14,48.856614,2.3522219,332
Paris,14,48.856614,2.3522219,332
Paris,14,48.856614,2.3522219,332
Regensburg,1,49.0134297,12.1016236,333
Jersey,6,49.2137711,-2.1357662,334
Jersey,6,49.2137711,-2.1357662,334
Vancouver,1,49.2827291,-123.1207375,335
Rothenburg,1,49.3801834,10.1867388,336
Amecourt,1,49.380192,1.731205,337
Guernsey,1,49.4481982,-2.58949,338
Wurzburg,1,49.79130439999999,9.9533548,339
Winnipeg,1,49.8954221,-97.1385145,340
Coburg,2,50.2612094,10.962695,341
Coburg,2,50.2612094,10.962695,341
Pemberton,1,50.322028,-122.8050498,342
Princetown,1,50.5440793,-3.9904538,343
Merrivale,2,50.55762199999999,-4.049531,344
Merrivale,2,50.55762199999999,-4.049531,344
Dart­ Moor,1,50.5718857,-3.9206884,345
Hcale Ville,1,50.6045194,-1.3184195,346
Chesll Beach,2,50.6266703,-2.5605472,347
Chesll Beach,2,50.6266703,-2.5605472,347
Chesll Beach.(2017,1,50.6266703,-2.5605472,347
Lille,1,50.62925,3.057256,348
Broadwater,1,50.8284525,-0.3745477,349
Germany,1,51.165691,10.451526,350
Penshurst,3,51.1727246,0.1824358,351
Wooiey,1,51.2097555,-2.6912839,352
Bath,1,51.3781018,-2.3596827,353
Hellekens,1,51.3791407,5.252299,354
Sofitt,1,51.4287737,-2.6334927,355
Blackheath,2,51.4658393,0.0090338,356
Ang Mortlake,1,51.4687363,-0.2627417,357
Mortlake,7,51.4687363,-0.2627417,357
Mortlake,7,51.4687363,-0.2627417,357
London,4,51.5072178,-0.1275862,358
London,4,51.5072178,-0.1275862,358
London,4,51.5072178,-0.1275862,358
London,4,51.5072178,-0.1275862,358
He.Ivy(Bj,1,51.5128603,-0.128045,359
Euston,1,51.5280991,-0.1332084,360
South Wales,4,51.6858341,-3.3821421,361
South Wales,4,51.6858341,-3.3821421,361
South Wales,4,51.6858341,-3.3821421,361
Olmln L400,1,51.8670254,5.8721896,362
Cork,1,51.8985143,-8.4756035,363
Ipswich,1,52.056736,1.14822,364
B.Barry 2,1,52.1277623,-8.2895635,365
Holland,2,52.132633,5.291265999999999,366
Goodc,1,52.2471366,21.0632676,367
Dennington,2,52.253926,1.3393709,368
Warwick,1,52.28231599999999,-1.584927,369
England,31,52.3555177,-1.1743197,370
England,31,52.3555177,-1.1743197,370
England,31,52.3555177,-1.1743197,370
England,31,52.3555177,-1.1743197,370
Tassie,1,52.3637788,4.886993599999999,371
Edgbaston,3,52.4553184,-1.9040926,372
Edgbaston,3,52.4553184,-1.9040926,372
Birmingham,2,52.48624299999999,-1.890401,373
Birmingham,2,52.48624299999999,-1.890401,373
Peterborough,1,52.57031689999999,-0.2407996999999999,374
Derby,1,52.9225301,-1.4746186,375
"53,9",1,52.9995357,9.0026872,376
Newfoundland,1,53.1355091,-57.6604364,377
Jubilee Park,1,53.1557403,-0.2215658,378
Sheffield,1,53.38112899999999,-1.470085,379
Heywood,5,53.592628,-2.22565,380
B.Jenkinson,1,53.6924621,-1.6311384,381
Belarus,1,53.709807,27.953389,382
Manitoba,4,53.7608608,-98.8138763,383
Yorkshire,2,53.9590858,-1.0792403,384
Yorkshire,2,53.9590858,-1.0792403,384
York,1,53.9614205,-1.0739108,385
Kavanas,1,53.9897186,-7.3633319,386
M.Monaghan,1,54.2492434,-6.9683082,387
Whitehaven,1,54.549699,-3.589233,388
Coleraine,1,55.1325802,-6.6646102,389
Britain,3,55.378051,-3.435973,390
Britain,3,55.378051,-3.435973,390
Moscow,1,55.755826,37.6173,391
Canada,3,56.130366,-106.346771,392
Canada,3,56.130366,-106.346771,392
Scotland,1,56.49067119999999,-4.2026458,393
Ounkeld,1,56.5676532,-3.5862204,394
Dunkeld,1,56.5676532,-3.5862204,394
Glencoe,2,56.68255989999999,-5.1022713,395
Ilbnotmilil,1,57.675144,-2.812153,396
Kodiak,1,57.79000000000001,-152.4072222,397
St Kilda,11,57.83481324783624,-8.56354406037558,398
St Kilda,11,57.83481324783624,-8.56354406037558,398
St Kilda,11,57.83481324783624,-8.56354406037558,398
St Kjkta,1,57.83481324783624,-8.56354406037558,398
Marwick,1,59.1045876,-3.3403778,399
Stockholm,1,59.32932349999999,18.0685808,400
Bergen,1,60.39126279999999,5.3220544,401
Norway,1,60.47202399999999,8.468945999999999,402
Russia,5,61.52401,105.318756,403
Russia,5,61.52401,105.318756,403
Russia,5,61.52401,105.318756,403
Denali,2,63.06916889999999,-151.0069842,404
Denali,2,63.06916889999999,-151.0069842,404
Island,1,64.963051,-19.020835,405
